Section,LessonDir,FileName,DriveUrl
03 - Navidad,,Christmas coloring pages.pdf,https://drive.google.com/file/d/17O2uT47k3fqQuT-iMLs6KgCpCQJ5mG4p/view?usp=drivesdk
03 - Navidad,,52 - Los Reyes Magos.pdf,https://drive.google.com/file/d/1RRqtL6m3MMglel5UqpT4O3fZULvPlarR/view?usp=drivesdk
03 - Navidad,,51 - Los pastores.pdf,https://drive.google.com/file/d/1AEUCsKxgLIxI7NKUCZb072IZ2yq-mh-i/view?usp=drivesdk
03 - Navidad,,50 - Jesús nació.pdf,https://drive.google.com/file/d/1x7buOyvA_j0kiiJ63yjV4VzE56PDZU1q/view?usp=drivesdk
03 - Navidad,,49 - El ángel se le aparece a María.pdf,https://drive.google.com/file/d/1C7lfo5xtGVIaT1QAm8KAR02AQz9zHO_r/view?usp=drivesdk
03 - Navidad,,48 - Esperando la Navidad.pdf,https://drive.google.com/file/d/1QnJUCKd4_5ZVliKDnMk8mDh0rHl8QELP/view?usp=drivesdk
07 - Reflexiones Lunares,,Reflexiones lunares - es.pdf,https://drive.google.com/file/d/1rhirmKPSIBbmjeDgn3Q2EHrYKjZvMMzx/view?usp=drivesdk
06 - Serie El Espíritu Santo,,"Sesión 5 - Consolador, Ayudador, Intercesor y Sello_.pdf",https://drive.google.com/file/d/13u0ebroz8H_MioNOWaiemQ94EcreI_Az/view?usp=drivesdk
06 - Serie El Espíritu Santo,,Sesión 4 - El Fruto del Espíritu_.pdf,https://drive.google.com/file/d/1S3a49_WOJEn6YKyh5cRaJ4vIgNv3xkbI/view?usp=drivesdk
06 - Serie El Espíritu Santo,,Sesión 3 - Viviendo en el Espíritu_es.pdf,https://drive.google.com/file/d/1CEWIBxWdNHYaVIlZnK3H0jna40p9stam/view?usp=drivesdk
06 - Serie El Espíritu Santo,,Sesión 2 - Roles del Espíritu Santo.pdf,https://drive.google.com/file/d/1XxBjK9PabkzvHZIPr4rlF9-ggyjnfmX9/view?usp=drivesdk
06 - Serie El Espíritu Santo,,Sesión 1 - Quién es el Espíritu Santo.pdf,https://drive.google.com/file/d/1JjU_kn0W_0-kaNgYKoo9i7Vy6tFHE4vJ/view?usp=drivesdk
05 - Pascua,,sendero Pascua de Resurrección.pdf,https://drive.google.com/file/d/133LS5haFdjq5Q-a2q_VIyDrxNMLHHtRI/view?usp=drivesdk
05 - Pascua,,Pascua.pdf,https://drive.google.com/file/d/1164HUqt4-3fbEXa-BOZ60Lj_d6jkfT9e/view?usp=drivesdk
05 - Pascua,,Pascua para bebés y niños pequeños.pdf,https://drive.google.com/file/d/1zDQNg4j73EfObdr0l_vsq9yH3g-Dd_oL/view?usp=drivesdk
05 - Pascua,,Domingo de Ramos.pdf,https://drive.google.com/file/d/12pWxGXTwq0CQ00aOIim9APAOquv7UBf8/view?usp=drivesdk
05 - Pascua,,Domingo de Ramos - lección para bebés y niños pequeños.pdf,https://drive.google.com/file/d/15zNpp5TPbdBZZyzPUDcxCskk4uQXJfTh/view?usp=drivesdk
05 - Pascua,,a5-half-fold-Pascua de Resurrección.pdf,https://drive.google.com/file/d/1NkBOre9_33ris2K7-FLGQtj7zZFz5eKl/view?usp=drivesdk
04 - Los Colores de la Navidad,,Sesión 5 - DORADO.pdf,https://drive.google.com/file/d/11ZB47aXumEm8wsxM2DJp0g3OsyIc_ZtA/view?usp=drivesdk
04 - Los Colores de la Navidad,,Sesión 4 – AZUL.pdf,https://drive.google.com/file/d/1s_7gcsvXck_UblEUVE5k5ALvQZbgyIlz/view?usp=drivesdk
04 - Los Colores de la Navidad,,Sesión 3 - BLANCO.pdf,https://drive.google.com/file/d/1MuGFvuhRKgcv4mA_saptoh5aPr37Jccn/view?usp=drivesdk
04 - Los Colores de la Navidad,,Sesión 2 - ROJO.pdf,https://drive.google.com/file/d/1KknFIrDSpSOS88Kv3dcJ_iLhEwMP1ZHI/view?usp=drivesdk
04 - Los Colores de la Navidad,,Sesión 1 - VERDE.pdf,https://drive.google.com/file/d/159N9JZtaSGIeRsotqYzDYw-eKfOuBCNg/view?usp=drivesdk
04 - Los Colores de la Navidad,,0 Introducción.pdf,https://drive.google.com/file/d/1Mm-J4s1YM0TVeNDyBoi0VnCDU2fuRXUa/view?usp=drivesdk
01 - Antiguo Testamento,64 - Salmo 1 - Dos Maneras de Vivir,3 - Niños de 5 a 10 años.pdf,https://drive.google.com/file/d/1591HrJmh8nXSfHCJfzmvKHNoe1cDANR7/view?usp=drivesdk
01 - Antiguo Testamento,64 - Salmo 1 - Dos Maneras de Vivir,2 - Menores de 5 años.pdf,https://drive.google.com/file/d/1B7yFvoJ-jz_0O0uKGVldaEc5EPY7QKX9/view?usp=drivesdk
01 - Antiguo Testamento,64 - Salmo 1 - Dos Maneras de Vivir,1 - Bebés (0+).pdf,https://drive.google.com/file/d/1jW0K2m9fnUM2gO3a8Gj1brwh2-Zw4hHj/view?usp=drivesdk
01 - Antiguo Testamento,63 - Cantar de los Cantares,3 - Niños de 5 a 10 años.pdf,https://drive.google.com/file/d/1cC10KeM70hHxPkCd48cCE-INFESP-kDL/view?usp=drivesdk
01 - Antiguo Testamento,63 - Cantar de los Cantares,2 - Menores de 5 años.pdf,https://drive.google.com/file/d/12oUGD4IAHL4kH9CAduKpUtLBrJcYptWK/view?usp=drivesdk
01 - Antiguo Testamento,63 - Cantar de los Cantares,1 - Bebés (0+).pdf,https://drive.google.com/file/d/1kkCc556YgA1ftYu4keNeBfCB00UchjTB/view?usp=drivesdk
01 - Antiguo Testamento,60 - El Sueño de Jacob,3 - Niños de 5 a 10 años.pdf,https://drive.google.com/file/d/1tlRFs4EhF8ug8wfvf3MFGwRkDPTxI4rU/view?usp=drivesdk
01 - Antiguo Testamento,60 - El Sueño de Jacob,2 - Menores de 5 años.pdf,https://drive.google.com/file/d/1Dk4WLuKPvQoACovr5qYpCOHH3EOSSUsH/view?usp=drivesdk
01 - Antiguo Testamento,60 - El Sueño de Jacob,1 - Bebés (0+).pdf,https://drive.google.com/file/d/1aoovJL9vwidgFYldVPUgoiraDYkrhCse/view?usp=drivesdk
01 - Antiguo Testamento,61 - David Devuelve el Arca,3 - Niños de 5 a 10 años.pdf,https://drive.google.com/file/d/1azjRVKuwUbCdPwjTyNl65YXtcEpBJaGb/view?usp=drivesdk
01 - Antiguo Testamento,61 - David Devuelve el Arca,2 - Menores de 5 años.pdf,https://drive.google.com/file/d/11FVDUOxrk6W3gMz1bdbZ2k_vPabzt2UV/view?usp=drivesdk
01 - Antiguo Testamento,61 - David Devuelve el Arca,1 - Bebés (0+).pdf,https://drive.google.com/file/d/1l7TN4DwDFVk1T8g1FF-GXzJVOKcVP-IA/view?usp=drivesdk
01 - Antiguo Testamento,62 - Rahab y los espías,3 - Niños de 5 a 10 años.pdf,https://drive.google.com/file/d/1JsntWO6iuF4Fq8FlCtQMCqkqDWoSn8-n/view?usp=drivesdk
01 - Antiguo Testamento,62 - Rahab y los espías,2 - Menores de 5 años.pdf,https://drive.google.com/file/d/1B6PcJDux6Dp8PdmG743dKr-harqOYo34/view?usp=drivesdk
01 - Antiguo Testamento,62 - Rahab y los espías,1 - Bebés (0+).pdf,https://drive.google.com/file/d/1Xw5FeAyR91ILL-GiU3So73CqvGMHcyTq/view?usp=drivesdk
01 - Antiguo Testamento,59 - Aarón,3 - Niños de 5 a 10 años.pdf,https://drive.google.com/file/d/1hKqMmal0uZJMIB-3J3wQF5PGffpYT-r9/view?usp=drivesdk
01 - Antiguo Testamento,59 - Aarón,2 - Menores de 5 años.pdf,https://drive.google.com/file/d/1pGL1mEmABYGh0-eAhUluFjS-0oboqtq1/view?usp=drivesdk
01 - Antiguo Testamento,59 - Aarón,1 - Bebés (0+).pdf,https://drive.google.com/file/d/14hoExUrSKIXP7u72ch175jEwzUAkaco9/view?usp=drivesdk
01 - Antiguo Testamento,58 - Miriam,3 - Niños de 5 a 10 años.pdf,https://drive.google.com/file/d/1yqc-h5OmKHEpmVln0FAInO8ClqsZBxaN/view?usp=drivesdk
01 - Antiguo Testamento,58 - Miriam,2 - Menores de 5 años.pdf,https://drive.google.com/file/d/1TYQ7bMsFXyxAH8NUyKNfwpmkw3qILiOm/view?usp=drivesdk
01 - Antiguo Testamento,58 - Miriam,1 - Bebés (0+).pdf,https://drive.google.com/file/d/1HUNJ8Jm_Ra9GkKVy9feQGwkISJX-SHsP/view?usp=drivesdk
01 - Antiguo Testamento,55 - La misericordia de Dios enoja a Jonás,3 - Niños de 5 a 10 años.pdf,https://drive.google.com/file/d/1qYgtq_4AxutwLcsQOmg3iZVrOnO6-zcz/view?usp=drivesdk
01 - Antiguo Testamento,55 - La misericordia de Dios enoja a Jonás,2 - Menores de 5 años.pdf,https://drive.google.com/file/d/1HnKwNj0BQFsbrfyoEoniFANk2a6fmeHV/view?usp=drivesdk
01 - Antiguo Testamento,55 - La misericordia de Dios enoja a Jonás,1 - Bebés (0+).pdf,https://drive.google.com/file/d/1RCWhw8NcDvS6HfDo9-DjmqhuuVGMkuyI/view?usp=drivesdk
01 - Antiguo Testamento,55 - La misericordia de Dios enoja a Jonás,4 - Adolescentes.pdf,https://drive.google.com/file/d/1Y3eZA1dj9tq0NcIzcu3_Hk4gAkIWJURN/view?usp=drivesdk
01 - Antiguo Testamento,56 - Rey Joás,3 - Niños de 5 a 10 años.pdf,https://drive.google.com/file/d/1X-C21FdTbLy_7tj_FuJqDRJmLeilVyx4/view?usp=drivesdk
01 - Antiguo Testamento,56 - Rey Joás,2 - Menores de 5 años.pdf,https://drive.google.com/file/d/15QOq_GNh4MkXmRbcqP6IUbXrH3hIuA-S/view?usp=drivesdk
01 - Antiguo Testamento,56 - Rey Joás,1 - Bebés (0+).pdf,https://drive.google.com/file/d/1zwX-wFNf0iwGD-gV2sQt_UPuaKaKJec6/view?usp=drivesdk
01 - Antiguo Testamento,57 - La Escritura en la Pared,3 - Niños de 5 a 10 años.pdf,https://drive.google.com/file/d/1tb1_bdz1-tkwBNBWGWow2UG9mroa7Phd/view?usp=drivesdk
01 - Antiguo Testamento,57 - La Escritura en la Pared,2 - Menores de 5 años.pdf,https://drive.google.com/file/d/1tDe9hxMKUYHu66zvW6USHCNqRzvZ1AvL/view?usp=drivesdk
01 - Antiguo Testamento,57 - La Escritura en la Pared,1 - Bebés (0+).pdf,https://drive.google.com/file/d/1MzwaxWFaVtmGGRbqQvD9R-EwLfZT7bJW/view?usp=drivesdk
01 - Antiguo Testamento,54 - Mefiboset,2 - Menores de 5 años.pdf,https://drive.google.com/file/d/1GZub1ymeCLFZFY-fvI4IAAlF7poj9vle/view?usp=drivesdk
01 - Antiguo Testamento,54 - Mefiboset,1 - Bebés (0+).pdf,https://drive.google.com/file/d/138d0Bu0uj7uQI0sdKsjcbOVnrb0qYzEl/view?usp=drivesdk
01 - Antiguo Testamento,52 - Balaam,2 - Menores de 5 años.pdf,https://drive.google.com/file/d/15DIZvuwRpeadkFORorz6cFHp8sh0EVDn/view?usp=drivesdk
01 - Antiguo Testamento,52 - Balaam,1 - Bebés (0+).pdf,https://drive.google.com/file/d/1n7z0SiBhkmJjCCX1XpZSLDRX0p5bPNDE/view?usp=drivesdk
01 - Antiguo Testamento,53 - El Libro de los Salmos,2 - Menores de 5 años.pdf,https://drive.google.com/file/d/1gfCIVNPVGTqCoERYWrExc-iLrfIp9lMV/view?usp=drivesdk
01 - Antiguo Testamento,53 - El Libro de los Salmos,1 - Bebés (0+).pdf,https://drive.google.com/file/d/1L1p_av0z6_iO711HqhwT42mZHPnVKfCS/view?usp=drivesdk
01 - Antiguo Testamento,51 - Salmo 23 - El Señor es mi Pastor,2 - Menores de 5 años.pdf,https://drive.google.com/file/d/146yT4YF2Om_jf7L8ZGYcYfgHCEbrDjWj/view?usp=drivesdk
01 - Antiguo Testamento,51 - Salmo 23 - El Señor es mi Pastor,1 - Bebés (0+).pdf,https://drive.google.com/file/d/1AoTBW2uhvsVgRgIuKECxaP4srVd-LIlX/view?usp=drivesdk
01 - Antiguo Testamento,50 - Abraham e Isaac,2 - Menores de 5 años.pdf,https://drive.google.com/file/d/1A75z60bv0bksGLgzh12TW8T0Vy_vqMSw/view?usp=drivesdk
01 - Antiguo Testamento,50 - Abraham e Isaac,1 - Bebés (0+).pdf,https://drive.google.com/file/d/1nhEB7Tt7haILI9HGOpaMeN6TPknzthvn/view?usp=drivesdk
01 - Antiguo Testamento,49 - Caín y Abel,2 - Menores de 5 años.pdf,https://drive.google.com/file/d/1kL_APrP7ymojm7_La6olt7rw3hb8Yvcv/view?usp=drivesdk
01 - Antiguo Testamento,49 - Caín y Abel,1 - Bebés (0+).pdf,https://drive.google.com/file/d/1uogxaWQNKoN13fLGCgcdRuzX5HtE77Dg/view?usp=drivesdk
01 - Antiguo Testamento,48 - Jonás y el gran pez,3 - Niños de 5 a 10 años.pdf,https://drive.google.com/file/d/1XSsaS_CFUhlG2r8VvsbQOn9--nOst6DD/view?usp=drivesdk
01 - Antiguo Testamento,48 - Jonás y el gran pez,4 - Adolescentes.pdf,https://drive.google.com/file/d/17EDEq_FCbPId3OZmpqbGum8MF4AQ--Cr/view?usp=drivesdk
01 - Antiguo Testamento,48 - Jonás y el gran pez,2 - Menores de 5 años.pdf,https://drive.google.com/file/d/1uyfIaaxFibE8pRerE_4vnuNCKbJxXYCb/view?usp=drivesdk
01 - Antiguo Testamento,48 - Jonás y el gran pez,1 - Bebés (0+).pdf,https://drive.google.com/file/d/1ULtSkVc7hns_YLQrWS2a85iFcjMx7qWs/view?usp=drivesdk
01 - Antiguo Testamento,47 - Daniel y el foso del león,4 - Adolescentes.pdf,https://drive.google.com/file/d/1EFr8XuGloWZ2VrN4Dq9j_eDqtVQ2ORfj/view?usp=drivesdk
01 - Antiguo Testamento,47 - Daniel y el foso del león,3 - Niños de 5 a 10 años.pdf,https://drive.google.com/file/d/1bgleg6E_CxwMGRbpeg2w6V35FlpSA49r/view?usp=drivesdk
01 - Antiguo Testamento,47 - Daniel y el foso del león,2 - Menores de 5 años.pdf,https://drive.google.com/file/d/1StufJpE5ASNeWqoPeFRH2tQvdYykSE0r/view?usp=drivesdk
01 - Antiguo Testamento,47 - Daniel y el foso del león,1 - Bebés (0+).pdf,https://drive.google.com/file/d/1mtWKPWWD71SbKDj04-1_FRt51DZhOwzj/view?usp=drivesdk
01 - Antiguo Testamento,45 - Job,4 - Adolescentes.pdf,https://drive.google.com/file/d/1ljPC-PB1XUyZ0jWPjFNv8U-c05OERlCG/view?usp=drivesdk
01 - Antiguo Testamento,45 - Job,3 - Niños de 5 a 10 años.pdf,https://drive.google.com/file/d/1rfFaTpG6W75gRBLdlgHJRSOV3iOxU0AB/view?usp=drivesdk
01 - Antiguo Testamento,45 - Job,2 - Menores de 5 años.pdf,https://drive.google.com/file/d/1j92aXt5BfJUsLGx8AbNRWRSHgQSGqtid/view?usp=drivesdk
01 - Antiguo Testamento,45 - Job,1 - Bebés (0+).pdf,https://drive.google.com/file/d/15Wl3LIEB_3h80-nArDzXNLfYxJI_R28W/view?usp=drivesdk
01 - Antiguo Testamento,44 - Ester,4 - Adolescentes.pdf,https://drive.google.com/file/d/1_cIAVEV6Wj_MDTVNVod35ejrMEYY24WG/view?usp=drivesdk
01 - Antiguo Testamento,44 - Ester,3 - Niños de 5 a 10 años.pdf,https://drive.google.com/file/d/175FKCsZ9YUJ7L8XGt7DZVV4OvjoQJpXW/view?usp=drivesdk
01 - Antiguo Testamento,44 - Ester,2 - Menores de 5 años.pdf,https://drive.google.com/file/d/18hD7OjVfzY6Ysx6M1Kf5kSsKF79hJvi4/view?usp=drivesdk
01 - Antiguo Testamento,44 - Ester,1 - Bebés (0+).pdf,https://drive.google.com/file/d/1UK2FrYDstBEuV8GjtkVoC2NIS1o9V5DT/view?usp=drivesdk
01 - Antiguo Testamento,43 - Nehemías,4 - Adolescentes.pdf,https://drive.google.com/file/d/1Iocrup6AUtgTjT28TjbEj0HqIBXoJ9WU/view?usp=drivesdk
01 - Antiguo Testamento,43 - Nehemías,3 - Niños de 5 a 10 años.pdf,https://drive.google.com/file/d/1XBd5ReKEU__YGuG0vGznPArP__xqnFJv/view?usp=drivesdk
01 - Antiguo Testamento,43 - Nehemías,2 - Menores de 5 años.pdf,https://drive.google.com/file/d/1vbwpZC6ywL6vnDb6a9p1qU-_FHl2OvQo/view?usp=drivesdk
01 - Antiguo Testamento,43 - Nehemías,1 - Bebés (0+).pdf,https://drive.google.com/file/d/1hOuUK5k2urgc6BwU58lBZwi0hImpfJuJ/view?usp=drivesdk
01 - Antiguo Testamento,42 - Rey Josías,4 - Adolescentes.pdf,https://drive.google.com/file/d/1hkQrcrtWRWI8PCztGWfz6iaNmILWNVGq/view?usp=drivesdk
01 - Antiguo Testamento,42 - Rey Josías,3 - Niños de 5 a 10 años.pdf,https://drive.google.com/file/d/1mk8b2B5pTWpjXORUuZKICwuWXtwhoOt1/view?usp=drivesdk
01 - Antiguo Testamento,42 - Rey Josías,2 - Menores de 5 años.pdf,https://drive.google.com/file/d/1MN7vR_uVHgpfT5muFm4sgXIVt26_Z9fx/view?usp=drivesdk
01 - Antiguo Testamento,42 - Rey Josías,1 - Bebés (0+).pdf,https://drive.google.com/file/d/13Y_w2StFPfoA0uOhKavFQxs0MNlBOEDn/view?usp=drivesdk
01 - Antiguo Testamento,"46 - Sadrac, Mesac y Abednego",4 - Adolescentes.pdf,https://drive.google.com/file/d/1pbwPZhQ1IPByO9i4VfWcdSjSVxhvpdes/view?usp=drivesdk
01 - Antiguo Testamento,"46 - Sadrac, Mesac y Abednego",3 - Niños de 5 a 10 años.pdf,https://drive.google.com/file/d/18aZ7oAbmXqfpldCM3nO0zBRiDrGQKrQH/view?usp=drivesdk
01 - Antiguo Testamento,"46 - Sadrac, Mesac y Abednego",2 - Menores de 5 años.pdf,https://drive.google.com/file/d/1e8JwwoQoeoC938xSJa0tGa6_xLQ4MPrj/view?usp=drivesdk
01 - Antiguo Testamento,"46 - Sadrac, Mesac y Abednego",1 - Bebés (0+).pdf,https://drive.google.com/file/d/19DgqGl54cIALVqboxYa6imPbiO7pWxNd/view?usp=drivesdk
01 - Antiguo Testamento,40 - Naamán,3 - Niños de 5 a 10 años.pdf,https://drive.google.com/file/d/1ldaOi13akyhn3Q7CrtHlqpJxTBC6z3oD/view?usp=drivesdk
01 - Antiguo Testamento,40 - Naamán,4 - Adolescentes.pdf,https://drive.google.com/file/d/1-V_v9Us63ZUFcDg-fdnmWie_ArH4QvVB/view?usp=drivesdk
01 - Antiguo Testamento,40 - Naamán,2 - Menores de 5 años.pdf,https://drive.google.com/file/d/1kirbV8aWLGysn6ox9LmL4_L8u1LZsSWj/view?usp=drivesdk
01 - Antiguo Testamento,40 - Naamán,1 - Bebés (0+).pdf,https://drive.google.com/file/d/1vQf_W70H6iPnlwPOl15j7JDVX0xG-kdh/view?usp=drivesdk
01 - Antiguo Testamento,41 - Eliseo y el hacha que flotó,4 - Adolescentes.pdf,https://drive.google.com/file/d/1LerPEm5aQ0zv5bF4vB8NIOqQep25BqPH/view?usp=drivesdk
01 - Antiguo Testamento,41 - Eliseo y el hacha que flotó,3 - Niños de 5 a 10 años.pdf,https://drive.google.com/file/d/1V5L1FRnDvat5SezNAJF5LnSTwKiuwJ0X/view?usp=drivesdk
01 - Antiguo Testamento,41 - Eliseo y el hacha que flotó,2 - Menores de 5 años.pdf,https://drive.google.com/file/d/12ITkyVM8oFTstinga-z0m7IMmH9YSAgM/view?usp=drivesdk
01 - Antiguo Testamento,41 - Eliseo y el hacha que flotó,1 - Bebés (0+).pdf,https://drive.google.com/file/d/1YSMCPmq5xxDOfRUob3QQQ7UtsrqwzDu1/view?usp=drivesdk
01 - Antiguo Testamento,39 - Eliseo,4 - Adolescentes.pdf,https://drive.google.com/file/d/1ZZNUh7Mk0NLZlqFbgE7qE8T-o5PvsrWf/view?usp=drivesdk
01 - Antiguo Testamento,39 - Eliseo,3 - Niños de 5 a 10 años.pdf,https://drive.google.com/file/d/1n6gwMYR5_v0SXbhAVoG4fhzFJMXCQU4I/view?usp=drivesdk
01 - Antiguo Testamento,39 - Eliseo,2 - Menores de 5 años.pdf,https://drive.google.com/file/d/1P7TwpTPZXRPhGj6u9p2oi78vBkuNzQN8/view?usp=drivesdk
01 - Antiguo Testamento,39 - Eliseo,1 - Bebés (0+).pdf,https://drive.google.com/file/d/1m71zAlO4dk2w2I-n0Rf14RFaHuI3p1Rv/view?usp=drivesdk
01 - Antiguo Testamento,35 - Salomón,4 - Adolescentes.pdf,https://drive.google.com/file/d/1ApqEB9uTqpvescEAAbjmmtLTSn2IWuoO/view?usp=drivesdk
01 - Antiguo Testamento,35 - Salomón,3 - Niños de 5 a 10 años.pdf,https://drive.google.com/file/d/1I4JKamBgMh9xb2T-e3ri9oEDFuRzo7o_/view?usp=drivesdk
01 - Antiguo Testamento,35 - Salomón,2 - Menores de 5 años.pdf,https://drive.google.com/file/d/1NgRGYNDblJnll9hNGTgaBZBMWGWzRt2J/view?usp=drivesdk
01 - Antiguo Testamento,35 - Salomón,1 - Bebés (0+).pdf,https://drive.google.com/file/d/19DS6ShlkLeexwRkx6cpcibYe0xDt6Cgi/view?usp=drivesdk
01 - Antiguo Testamento,37 - Eclesiastés,4 - Adolescentes.pdf,https://drive.google.com/file/d/1HVGs_oZ0rnk7Q0ezb4V4di0nbTubZk9q/view?usp=drivesdk
01 - Antiguo Testamento,37 - Eclesiastés,3 - Niños de 5 a 10 años.pdf,https://drive.google.com/file/d/1M8CgGrit-hlHz6jcrjt4313swrvm2WQ-/view?usp=drivesdk
01 - Antiguo Testamento,37 - Eclesiastés,2 - Menores de 5 años.pdf,https://drive.google.com/file/d/1jzGyWVF3tGTwW7go11BbcTEL_K5kowpE/view?usp=drivesdk
01 - Antiguo Testamento,37 - Eclesiastés,1 - Bebés (0+).pdf,https://drive.google.com/file/d/1qnKjRo96ZfkR4lR-GRXR7iqw4DWjxdX6/view?usp=drivesdk
01 - Antiguo Testamento,38 - Elías,4 - Adolescentes.pdf,https://drive.google.com/file/d/1oZp0mq0jZKxCFZoh-pQFwX4rKrZqBqWM/view?usp=drivesdk
01 - Antiguo Testamento,38 - Elías,3 - Niños de 5 a 10 años.pdf,https://drive.google.com/file/d/1vWUiTr1gHbfI94TxZ3kmRNigJB6_nJmA/view?usp=drivesdk
01 - Antiguo Testamento,38 - Elías,2 - Menores de 5 años.pdf,https://drive.google.com/file/d/18RtIe813hn2TCKodmsgJp2ij2NRWQEeo/view?usp=drivesdk
01 - Antiguo Testamento,38 - Elías,1 - Bebés (0+).pdf,https://drive.google.com/file/d/1pEadOkiJ7kdbs3g4f3A0ELjMAkmLeFbp/view?usp=drivesdk
01 - Antiguo Testamento,36 - Proverbios,4 - Adolescentes.pdf,https://drive.google.com/file/d/1q-UtO-pJAD7Oh43qG_kbfRMcJAaD-Qj3/view?usp=drivesdk
01 - Antiguo Testamento,36 - Proverbios,3 - Niños de 5 a 10 años.pdf,https://drive.google.com/file/d/1nkDLlH2NcLHhBugqjIeJA-LIyoHMI3Du/view?usp=drivesdk
01 - Antiguo Testamento,36 - Proverbios,2 - Menores de 5 años.pdf,https://drive.google.com/file/d/1_7uYQOmkFshLG8KTWwHQbnmek8ImBoDK/view?usp=drivesdk
01 - Antiguo Testamento,36 - Proverbios,1 - Bebés (0+).pdf,https://drive.google.com/file/d/1Pd5BeVSbim9EgSqWBl3IMk1pKIgRHWfG/view?usp=drivesdk
01 - Antiguo Testamento,34 - David espera ser rey,4 - Adolescentes.pdf,https://drive.google.com/file/d/1LSnsfFsE18LYulXy4vy-HDbrB3NbHAMk/view?usp=drivesdk
01 - Antiguo Testamento,34 - David espera ser rey,3 - Niños de 5 a 10 años.pdf,https://drive.google.com/file/d/1UMvNZ9n3ud5nkfsKDc2jxTuoJa0grXV6/view?usp=drivesdk
01 - Antiguo Testamento,34 - David espera ser rey,2 - Menores de 5 años.pdf,https://drive.google.com/file/d/1739Xz7d1RD4KyjYyQzpc7xnW3-pBd8fV/view?usp=drivesdk
01 - Antiguo Testamento,34 - David espera ser rey,1 - Bebés (0+).pdf,https://drive.google.com/file/d/1j8gf5vw0VXrs9oyez6b8Dwninv0UkTdZ/view?usp=drivesdk
01 - Antiguo Testamento,33 - David y Goliat,4 - Adolescentes.pdf,https://drive.google.com/file/d/1f-UXQN09HJe2YDJhHb14zu5jWEEaPJfw/view?usp=drivesdk
01 - Antiguo Testamento,33 - David y Goliat,3 - Niños de 5 a 10 años.pdf,https://drive.google.com/file/d/1Jmj2Tv4125vX_6Vwxu3LHBjfxz6YiAAj/view?usp=drivesdk
01 - Antiguo Testamento,33 - David y Goliat,2 - Menores de 5 años.pdf,https://drive.google.com/file/d/1NZwCYJqryh-kpRBPckdv-RUknwWH8GyM/view?usp=drivesdk
01 - Antiguo Testamento,33 - David y Goliat,1 - Bebés (0+).pdf,https://drive.google.com/file/d/16hpTTXF_bI0NUHGVwhyyH-d2n6iNBuiE/view?usp=drivesdk
01 - Antiguo Testamento,29 - Rut,4 - Adolescentes.pdf,https://drive.google.com/file/d/1F5N3nmvg07vOXAwF1CEgo_fiscdIzCGY/view?usp=drivesdk
01 - Antiguo Testamento,29 - Rut,3 - Niños de 5 a 10 años.pdf,https://drive.google.com/file/d/1dK2sOFdQJhkaOEmT2EOejFGnELP2lavL/view?usp=drivesdk
01 - Antiguo Testamento,29 - Rut,2 - Menores de 5 años.pdf,https://drive.google.com/file/d/1ncv3_PsbNTrnupUnZdXZr7XfR1M_dqiW/view?usp=drivesdk
01 - Antiguo Testamento,29 - Rut,1 - Bebés (0+).pdf,https://drive.google.com/file/d/1dzyJQ3ExtkZsNfeNh2GjPnYXW3S4PI7b/view?usp=drivesdk
01 - Antiguo Testamento,32 - David el niño pastor,4 - Adolescentes.pdf,https://drive.google.com/file/d/1iR2nFBYdUsAIw573lUQsjZ0lJVDey0y2/view?usp=drivesdk
01 - Antiguo Testamento,32 - David el niño pastor,3 - Niños de 5 a 10 años.pdf,https://drive.google.com/file/d/1JibzZeprgGMbdthp_onyUUqDP7B9-fTi/view?usp=drivesdk
01 - Antiguo Testamento,32 - David el niño pastor,2 - Menores de 5 años.pdf,https://drive.google.com/file/d/1GPOONsaNAlIS2zD3Eb0-uZtS9AsEpIOt/view?usp=drivesdk
01 - Antiguo Testamento,32 - David el niño pastor,1 - Bebés (0+).pdf,https://drive.google.com/file/d/1OtvAdxx_8skUZcVWeIx0PzvRVqbxkxT1/view?usp=drivesdk
01 - Antiguo Testamento,31 - Rey Saúl,4 - Adolescentes.pdf,https://drive.google.com/file/d/1ol81_ZqB9Yvl5mMITyjTsjlTHG_XRV8X/view?usp=drivesdk
01 - Antiguo Testamento,31 - Rey Saúl,3 - Niños de 5 a 10 años.pdf,https://drive.google.com/file/d/1kzzeosfINrClbzhvipmtVj4k2jhFsoBE/view?usp=drivesdk
01 - Antiguo Testamento,31 - Rey Saúl,2 - Menores de 5 años.pdf,https://drive.google.com/file/d/1vLdkaY_Xt4wxf1wZ36bA5xQH2ZunwmDx/view?usp=drivesdk
01 - Antiguo Testamento,31 - Rey Saúl,1 - Bebés (0+).pdf,https://drive.google.com/file/d/1h_3Na0-uuTjSFhbMRiAsXN8bBS1L2u9P/view?usp=drivesdk
01 - Antiguo Testamento,30 - Hannah y Samuel,4 - Adolescentes.pdf,https://drive.google.com/file/d/1FihwQpc8_jVHPVIw4mV1sH2Y31ShtH6o/view?usp=drivesdk
01 - Antiguo Testamento,30 - Hannah y Samuel,3 - Niños de 5 a 10 años.pdf,https://drive.google.com/file/d/15erNAll_xUSoVcCm6vR1P4LYBQ9g2_0c/view?usp=drivesdk
01 - Antiguo Testamento,30 - Hannah y Samuel,2 - Menores de 5 años.pdf,https://drive.google.com/file/d/1PwNL7O3lxMUJVLqdw3wXvZnvi6KheKhf/view?usp=drivesdk
01 - Antiguo Testamento,30 - Hannah y Samuel,1 - Bebés (0+).pdf,https://drive.google.com/file/d/1rKQeqYS3WHhpYpUc_o6e1ZFvBY4dImaE/view?usp=drivesdk
01 - Antiguo Testamento,28 - Sansón,4 - Adolescentes.pdf,https://drive.google.com/file/d/1XG69POWCWfyUi6CB6PvoaCYv1BwoXOuT/view?usp=drivesdk
01 - Antiguo Testamento,28 - Sansón,3 - Niños de 5 a 10 años.pdf,https://drive.google.com/file/d/15Ox2is7PW_1EBtPrOiCetYLB-wOTHwQZ/view?usp=drivesdk
01 - Antiguo Testamento,28 - Sansón,2 - Menores de 5 años.pdf,https://drive.google.com/file/d/1fSgMS_V9vJzpx1kF7obJUbFLKgJbeDx0/view?usp=drivesdk
01 - Antiguo Testamento,28 - Sansón,1 - Bebés (0+).pdf,https://drive.google.com/file/d/1z9JUoWgmGthcta3om7DyIcRdcAnD9IQO/view?usp=drivesdk
01 - Antiguo Testamento,27 - El Ejército de Gedeón de 300,4 - Adolescentes.pdf,https://drive.google.com/file/d/1-VhcWwSKlFEXaIduq6iOYNsYW5ajOVkY/view?usp=drivesdk
01 - Antiguo Testamento,27 - El Ejército de Gedeón de 300,3 - Niños de 5 a 10 años.pdf,https://drive.google.com/file/d/14-_cEgklmI6s2bgdASXpe-yftzWWgjUQ/view?usp=drivesdk
01 - Antiguo Testamento,27 - El Ejército de Gedeón de 300,2 - Menores de 5 años.pdf,https://drive.google.com/file/d/19CvlR8HFye0LDSK8gETTZYDD4bUe7RnI/view?usp=drivesdk
01 - Antiguo Testamento,27 - El Ejército de Gedeón de 300,1 - Bebés (0+).pdf,https://drive.google.com/file/d/1IeGbTP-vAjO6OGHkaH997IhIFqgMuGJB/view?usp=drivesdk
01 - Antiguo Testamento,26 - Gedeón,4 - Adolescentes.pdf,https://drive.google.com/file/d/1H83JYOp9q_N_B4TX003tcoN60r_7P2tx/view?usp=drivesdk
01 - Antiguo Testamento,26 - Gedeón,3 - Niños de 5 a 10 años.pdf,https://drive.google.com/file/d/1LT9o1RrsGNyEfj5_6NIka-aHq3DRVqmf/view?usp=drivesdk
01 - Antiguo Testamento,26 - Gedeón,2 - Menores de 5 años.pdf,https://drive.google.com/file/d/1MduwNohFSAqHNCOkUxo0L7Hx4Hlil1Zr/view?usp=drivesdk
01 - Antiguo Testamento,26 - Gedeón,1 - Bebés (0+).pdf,https://drive.google.com/file/d/1FrCBovFLNhllm1d2QJ2GR9-EmBq6Zjwr/view?usp=drivesdk
01 - Antiguo Testamento,25 - Débora,4 - Adolescentes.pdf,https://drive.google.com/file/d/1BNavvXLfbyUHW2sFe9A6GXf5-SRtrIau/view?usp=drivesdk
01 - Antiguo Testamento,25 - Débora,3 - Niños de 5 a 10 años.pdf,https://drive.google.com/file/d/18bz1SodIgqBE759u6v0gKqwajptI_JqW/view?usp=drivesdk
01 - Antiguo Testamento,25 - Débora,2 - Menores de 5 años.pdf,https://drive.google.com/file/d/1vFwcKCLSBE6UUJFYq1ttJF8rsaNVtXna/view?usp=drivesdk
01 - Antiguo Testamento,25 - Débora,1 - Bebés (0+).pdf,https://drive.google.com/file/d/17VsIjhFFvWNSqHLzjyvV2taElADyMvBp/view?usp=drivesdk
01 - Antiguo Testamento,22 - Vagando en el desierto,4 - Adolescentes.pdf,https://drive.google.com/file/d/1ONu-MckeQ11nhz5xT3xKaQTpN-NqJwcl/view?usp=drivesdk
01 - Antiguo Testamento,22 - Vagando en el desierto,3 - Niños de 5 a 10 años.pdf,https://drive.google.com/file/d/1fWutgaUag91eFODFRB3SoZEy27-G8A-I/view?usp=drivesdk
01 - Antiguo Testamento,22 - Vagando en el desierto,2 - Menores de 5 años.pdf,https://drive.google.com/file/d/1Y4QHpY6lpm-g5BiVmkSXnxKiQNZfB9im/view?usp=drivesdk
01 - Antiguo Testamento,22 - Vagando en el desierto,1 - Bebés (0+).pdf,https://drive.google.com/file/d/1adj9qpGwPewlrC_uW9eBcJTWbIV3CEs6/view?usp=drivesdk
01 - Antiguo Testamento,24 - La Batalla de Jericó,4 - Adolescentes.pdf,https://drive.google.com/file/d/1mP8WCZoi0z-jgGQIVUwUU-uUf5UXSs7d/view?usp=drivesdk
01 - Antiguo Testamento,24 - La Batalla de Jericó,3 - Niños de 5 a 10 años.pdf,https://drive.google.com/file/d/1gNfDyW98G8U9UrnwpbAokwNnVTEqGKUv/view?usp=drivesdk
01 - Antiguo Testamento,24 - La Batalla de Jericó,2 - Menores de 5 años.pdf,https://drive.google.com/file/d/1TBdEmUhOvOo2c2_ZjiSl5Bchg8rZ-cWE/view?usp=drivesdk
01 - Antiguo Testamento,24 - La Batalla de Jericó,1 - Bebés (0+).pdf,https://drive.google.com/file/d/1vOTXt2fC7fh7qMaWcc3DVsRZ-Zhz7nNO/view?usp=drivesdk
01 - Antiguo Testamento,21 - Los 12 espías,4 - Adolescentes.pdf,https://drive.google.com/file/d/19KNIV7ooU1MhKtYfBpypVpKiQEzRnPd5/view?usp=drivesdk
01 - Antiguo Testamento,21 - Los 12 espías,3 - Niños de 5 a 10 años.pdf,https://drive.google.com/file/d/1sIQ7QOQTChFDcxhm_H0a_uZV3jobTLie/view?usp=drivesdk
01 - Antiguo Testamento,21 - Los 12 espías,2 - Menores de 5 años.pdf,https://drive.google.com/file/d/1C-B6mwpRbFrTse-aTDT6glgG4tf3TR16/view?usp=drivesdk
01 - Antiguo Testamento,21 - Los 12 espías,1 - Bebés (0+).pdf,https://drive.google.com/file/d/1rT5zt5ojCzgP1MtFQjBKB6fQvUVjQFog/view?usp=drivesdk
01 - Antiguo Testamento,23 - Josué,4 - Adolescentes.pdf,https://drive.google.com/file/d/1RO6hOwnfZSm_w_0SYXEvUE36NJgRgoQv/view?usp=drivesdk
01 - Antiguo Testamento,23 - Josué,3 - Niños de 5 a 10 años.pdf,https://drive.google.com/file/d/1GEjnp84y4qD7xNO4M4FWKBa7GR7vObrF/view?usp=drivesdk
01 - Antiguo Testamento,23 - Josué,2 - Menores de 5 años.pdf,https://drive.google.com/file/d/16jeX6gq-ajw_6C7M0lxsD667h2G3dWPw/view?usp=drivesdk
01 - Antiguo Testamento,23 - Josué,1 - Bebés (0+).pdf,https://drive.google.com/file/d/1G5H2f0s4cmlc0gLRoiCbgOmAde2DPd77/view?usp=drivesdk
01 - Antiguo Testamento,20 - Dios guía a su pueblo,4 - Adolescentes.pdf,https://drive.google.com/file/d/19PakY0mhG0RV8xbxerQJYXV7_RzlWj-G/view?usp=drivesdk
01 - Antiguo Testamento,20 - Dios guía a su pueblo,3 - Niños de 5 a 10 años.pdf,https://drive.google.com/file/d/1UQz_iI3ecDk636WDMPiNJ9HjXIEN25Zx/view?usp=drivesdk
01 - Antiguo Testamento,20 - Dios guía a su pueblo,2 - Menores de 5 años.pdf,https://drive.google.com/file/d/1WJZ12kjT7id7vkE4jul0atH_nSpBAxEC/view?usp=drivesdk
01 - Antiguo Testamento,20 - Dios guía a su pueblo,1 - Bebés (0+).pdf,https://drive.google.com/file/d/14-1z6jt1iBDZ3o2oTdgwLu4erJgqNkP0/view?usp=drivesdk
01 - Antiguo Testamento,19 - El Tabernáculo,4 - Adolescentes.pdf,https://drive.google.com/file/d/11na_NwWh1ljX2OBQv3YeMNLDz-nn6ukH/view?usp=drivesdk
01 - Antiguo Testamento,19 - El Tabernáculo,3 - Niños de 5 a 10 años.pdf,https://drive.google.com/file/d/1fK1QDLem_sAnIontJ7HlThamc6kPf8gh/view?usp=drivesdk
01 - Antiguo Testamento,19 - El Tabernáculo,2 - Menores de 5 años.pdf,https://drive.google.com/file/d/1NW5-usC6UQ3tN-VxZQiBpZKeVL89j2XF/view?usp=drivesdk
01 - Antiguo Testamento,19 - El Tabernáculo,1 - Bebés (0+).pdf,https://drive.google.com/file/d/1ag4jEdilupS3s6I9o6WONHxl8JRB39TJ/view?usp=drivesdk
01 - Antiguo Testamento,18 - Los Diez Mandamientos,4 - Adolescentes.pdf,https://drive.google.com/file/d/1oMaTgLn0HZqlKCr10txKoJyGkih0v5xL/view?usp=drivesdk
01 - Antiguo Testamento,18 - Los Diez Mandamientos,3 - Niños de 5 a 10 años.pdf,https://drive.google.com/file/d/1Sl9XQO9kxzhtn3uFiFBA1uWTH7ISE6nv/view?usp=drivesdk
01 - Antiguo Testamento,18 - Los Diez Mandamientos,2 - Menores de 5 años.pdf,https://drive.google.com/file/d/1pEcG_CzNMia_wjUxqrDCK0p27jRIm0Km/view?usp=drivesdk
01 - Antiguo Testamento,18 - Los Diez Mandamientos,1 - Bebés (0+).pdf,https://drive.google.com/file/d/1RyiVav0pnv4pA-nTFM9Ok_OeGbAgnMMo/view?usp=drivesdk
01 - Antiguo Testamento,17 - El Mar Rojo,4 - Adolescentes.pdf,https://drive.google.com/file/d/1LYuF5xl9ejj4yrVjIj8Mw2Ah04m0o_Es/view?usp=drivesdk
01 - Antiguo Testamento,17 - El Mar Rojo,3 - Niños de 5 a 10 años.pdf,https://drive.google.com/file/d/1SNL0ZdtOIAr3TjfqQiL9NhsMZmdcqAWE/view?usp=drivesdk
01 - Antiguo Testamento,17 - El Mar Rojo,2 - Menores de 5 años.pdf,https://drive.google.com/file/d/1STlBfHJxjeqEa10JVGb821T_ZsAjbyi3/view?usp=drivesdk
01 - Antiguo Testamento,17 - El Mar Rojo,1 - Bebés (0+).pdf,https://drive.google.com/file/d/1eytRdJrAC1qZnJwZBepctNbzBRbCA_oD/view?usp=drivesdk
01 - Antiguo Testamento,16 - Las Plagas de Egipto,4 - Adolescentes.pdf,https://drive.google.com/file/d/1TkbA5gKAug6YTAEjbLkvFJxTQY5szzXZ/view?usp=drivesdk
01 - Antiguo Testamento,16 - Las Plagas de Egipto,3 - Niños de 5 a 10 años.pdf,https://drive.google.com/file/d/1jk-O8pDbc8a4Y3vIPUKCBleUe-CcNGCK/view?usp=drivesdk
01 - Antiguo Testamento,16 - Las Plagas de Egipto,2 - Menores de 5 años.pdf,https://drive.google.com/file/d/1Cd1U4hMh5me9oApCFFS0cMWpKCOnkSk9/view?usp=drivesdk
01 - Antiguo Testamento,16 - Las Plagas de Egipto,1 - Bebés (0+).pdf,https://drive.google.com/file/d/1xGo-M7IjfjITtsDDy2CaJqOjK1LNk0i0/view?usp=drivesdk
01 - Antiguo Testamento,15 - Moisés y la zarza ardiente,4 - Adolescentes.pdf,https://drive.google.com/file/d/1Jv2tTBIwmzVVHc2AfBFRePqkajFEQHPv/view?usp=drivesdk
01 - Antiguo Testamento,15 - Moisés y la zarza ardiente,3 - Niños de 5 a 10 años.pdf,https://drive.google.com/file/d/1NNL5J_-fuhmzUEN4E2jy__R-iUDC97Q4/view?usp=drivesdk
01 - Antiguo Testamento,15 - Moisés y la zarza ardiente,2 - Menores de 5 años.pdf,https://drive.google.com/file/d/1ILmEhDfLgOGplTL4oCW2YvsWLn09q3Js/view?usp=drivesdk
01 - Antiguo Testamento,15 - Moisés y la zarza ardiente,1 - Bebés (0+).pdf,https://drive.google.com/file/d/1tHBirDui0nli1J_CdyMKyAz6-2JQSyBr/view?usp=drivesdk
01 - Antiguo Testamento,14 - Bebé Moisés,4 - Adolescentes.pdf,https://drive.google.com/file/d/1I7x9t4BoMrWzeCBUWOvJuYPILQwhDJkC/view?usp=drivesdk
01 - Antiguo Testamento,14 - Bebé Moisés,3 - Niños de 5 a 10 años.pdf,https://drive.google.com/file/d/1eCXIi8vtbY9eK7kyn_rQHLFthWYdqEPR/view?usp=drivesdk
01 - Antiguo Testamento,14 - Bebé Moisés,2 - Menores de 5 años.pdf,https://drive.google.com/file/d/1ynSO0bXlri9jXJ6a__TF1zK-hLaOY2op/view?usp=drivesdk
01 - Antiguo Testamento,14 - Bebé Moisés,1 - Bebés (0+).pdf,https://drive.google.com/file/d/1uqJ4BNqIPd3mAKk0i9j6lp1zoG4UqnO8/view?usp=drivesdk
01 - Antiguo Testamento,11 - Rebeca e Isaac,4 - Adolescentes.pdf,https://drive.google.com/file/d/1Tg-0FyCv8Zx03yxTcJNXAyy0OuKGwGZm/view?usp=drivesdk
01 - Antiguo Testamento,11 - Rebeca e Isaac,3 - Niños de 5 a 10 años.pdf,https://drive.google.com/file/d/16Rb7l9KLOI4p_yh3kNifh2QGu9ieyCvX/view?usp=drivesdk
01 - Antiguo Testamento,11 - Rebeca e Isaac,2 - Menores de 5 años.pdf,https://drive.google.com/file/d/1YOknYP_dGDd1YMC77La4adL1A0iRb-lM/view?usp=drivesdk
01 - Antiguo Testamento,11 - Rebeca e Isaac,1 - Bebés (0+).pdf,https://drive.google.com/file/d/1CFSxcq3sKepvQmfSyW-BF_PXQUjVUI3D/view?usp=drivesdk
01 - Antiguo Testamento,13 - José,4 - Adolescentes.pdf,https://drive.google.com/file/d/16kyH4VYogJQ5X1AwBxZ4WbheK8OZY2LQ/view?usp=drivesdk
01 - Antiguo Testamento,13 - José,3 - Niños de 5 a 10 años.pdf,https://drive.google.com/file/d/1xVVsti9iISKFdMxBHfKxt8csQKCGoXgr/view?usp=drivesdk
01 - Antiguo Testamento,13 - José,2 - Menores de 5 años.pdf,https://drive.google.com/file/d/12uEARb2vXrTa8c59_yuwDWTB9Czt2EMO/view?usp=drivesdk
01 - Antiguo Testamento,13 - José,1 - Bebés (0+).pdf,https://drive.google.com/file/d/13Ob2vhpX53QAWEUT9sptv0Nxvwas6I-D/view?usp=drivesdk
01 - Antiguo Testamento,12 - Jacob,4 - Adolescentes.pdf,https://drive.google.com/file/d/15LsBR01iE6FXfvRscvvgF2SE9Le6DAEM/view?usp=drivesdk
01 - Antiguo Testamento,12 - Jacob,3 - Niños de 5 a 10 años.pdf,https://drive.google.com/file/d/1MdxyVWiYlvcaN61gKhCR5kcz29-6JoT1/view?usp=drivesdk
01 - Antiguo Testamento,12 - Jacob,2 - Menores de 5 años.pdf,https://drive.google.com/file/d/19gQfXNQpdBIsM9al6RM6brWVjiYcbHym/view?usp=drivesdk
01 - Antiguo Testamento,12 - Jacob,1 - Bebés (0+).pdf,https://drive.google.com/file/d/1VCVm00eBNvYuSFb4tLQ-Nip95boJ8FrX/view?usp=drivesdk
01 - Antiguo Testamento,10 - Sodoma y Gomorra,4 - Adolescentes.pdf,https://drive.google.com/file/d/1iKvEk3r8uLQXmNnmslPOtb11taSWN5b9/view?usp=drivesdk
01 - Antiguo Testamento,10 - Sodoma y Gomorra,3 - Niños de 5 a 10 años.pdf,https://drive.google.com/file/d/1xTUBNloyH9nM38SFcpkSOSYw1cxSm47f/view?usp=drivesdk
01 - Antiguo Testamento,10 - Sodoma y Gomorra,2 - Menores de 5 años.pdf,https://drive.google.com/file/d/1sGKPQpSCnGXI8cKUB4jEOpWkld9QQujG/view?usp=drivesdk
01 - Antiguo Testamento,10 - Sodoma y Gomorra,1 - Bebés (0+).pdf,https://drive.google.com/file/d/1lILri2vV1XogqkquehMCAZhN7Qg2rbRm/view?usp=drivesdk
01 - Antiguo Testamento,07 - Dios llama a Abraham y a Sara,1 - Bebés (0+).pdf,https://drive.google.com/file/d/1SgQtIFgaNOG8LtDK9-8x8WRSrxEA3el6/view?usp=drivesdk
01 - Antiguo Testamento,07 - Dios llama a Abraham y a Sara,4 - Adolescentes.pdf,https://drive.google.com/file/d/1grZbrmPt4VG-ixJC_eVRsaG74SN82Yja/view?usp=drivesdk
01 - Antiguo Testamento,07 - Dios llama a Abraham y a Sara,3 - Niños de 5 a 10 años.pdf,https://drive.google.com/file/d/1Obv3a0_wJOuCtHXQiejc3n3urjk6U9s-/view?usp=drivesdk
01 - Antiguo Testamento,07 - Dios llama a Abraham y a Sara,2 - Menores de 5 años.pdf,https://drive.google.com/file/d/1KlpMHM8ht4J2HSNqN5K4iWHKQ14Md_AF/view?usp=drivesdk
01 - Antiguo Testamento,08 - Nacimiento de Isaac,4 - Adolescentes.pdf,https://drive.google.com/file/d/1qLl3CUT9ytuBZ0BiWMJV0CHJLIq3bRcV/view?usp=drivesdk
01 - Antiguo Testamento,08 - Nacimiento de Isaac,3 - Niños de 5 a 10 años.pdf,https://drive.google.com/file/d/1Z35VCCse6o3TsCRmYg57IkMZAxAijxr-/view?usp=drivesdk
01 - Antiguo Testamento,08 - Nacimiento de Isaac,2 - Menores de 5 años.pdf,https://drive.google.com/file/d/1516FpmjE4ts6SktlxPWvVboq2RMQCY5w/view?usp=drivesdk
01 - Antiguo Testamento,08 - Nacimiento de Isaac,1 - Bebés (0+).pdf,https://drive.google.com/file/d/1aAwkKxyE8EbyqxVzByLulWsGenfaF7u9/view?usp=drivesdk
01 - Antiguo Testamento,09 - Abraham y Lot,1 - Bebés (0+).pdf,https://drive.google.com/file/d/1Va-GKTFDsQgAUZp1dDedecLV1ncege7v/view?usp=drivesdk
01 - Antiguo Testamento,09 - Abraham y Lot,4 - Adolescentes.pdf,https://drive.google.com/file/d/1RaO5LsBx_Gg61a-_9MbPyOdWt5UKw8Di/view?usp=drivesdk
01 - Antiguo Testamento,09 - Abraham y Lot,3 - Niños de 5 a 10 años.pdf,https://drive.google.com/file/d/1ofUio8cevVVMuVdtBZIhaWxRcpu01Y2D/view?usp=drivesdk
01 - Antiguo Testamento,09 - Abraham y Lot,2 - Menores de 5 años.pdf,https://drive.google.com/file/d/1uux-5hlV7CjSTeLcdDakQicUZxc_qR1f/view?usp=drivesdk
01 - Antiguo Testamento,05 - Dios cumple sus promesas,4 - Adolescentes.pdf,https://drive.google.com/file/d/1GdGE23Lf4WV0-lDh7cZUsoxG1u3McSrl/view?usp=drivesdk
01 - Antiguo Testamento,05 - Dios cumple sus promesas,3 - Niños de 5 a 10 años.pdf,https://drive.google.com/file/d/1pUnPKjE_zjz4X7IlMe0nOBDluCmIGLz6/view?usp=drivesdk
01 - Antiguo Testamento,05 - Dios cumple sus promesas,2 - Menores de 5 años.pdf,https://drive.google.com/file/d/1CQNUueiy2-RaDnpYAX930xZHxlh5CSZp/view?usp=drivesdk
01 - Antiguo Testamento,05 - Dios cumple sus promesas,1 - Bebés (0+).pdf,https://drive.google.com/file/d/1r5VoFOL1Ed-swE_OoJjpv8jIpN-dosiQ/view?usp=drivesdk
01 - Antiguo Testamento,06 - La Torre de Babel,4 - Adolescentes.pdf,https://drive.google.com/file/d/1MpihHCz1dW7RiagwTzhd8bnhuWbx0Kl8/view?usp=drivesdk
01 - Antiguo Testamento,06 - La Torre de Babel,3 - Niños de 5 a 10 años.pdf,https://drive.google.com/file/d/1sU9N42yh6gxq6Mrb9JG-iPT1_tvI9nSA/view?usp=drivesdk
01 - Antiguo Testamento,06 - La Torre de Babel,2 - Menores de 5 años.pdf,https://drive.google.com/file/d/1dpJxg_FEn7RtzeQ2f24A-_zrvVB-OrIV/view?usp=drivesdk
01 - Antiguo Testamento,06 - La Torre de Babel,1 - Bebés (0+).pdf,https://drive.google.com/file/d/19OsfNpjfymc3H3-5Gm1N3ZWe3U5JPt8x/view?usp=drivesdk
01 - Antiguo Testamento,02 - Dios me hizo,4 - Adolescentes.pdf,https://drive.google.com/file/d/1PCOXzGvJhhkADioaFUvcsh4aJjn761Tq/view?usp=drivesdk
01 - Antiguo Testamento,02 - Dios me hizo,3 - Niños de 5 a 10 años.pdf,https://drive.google.com/file/d/1u9EsrzCPOsDfy7y29Y1u1NRV1L_IGYbB/view?usp=drivesdk
01 - Antiguo Testamento,02 - Dios me hizo,2 - Menores de 5 años.pdf,https://drive.google.com/file/d/1yQNEwR_XnPVMSiqX4YKsuMQCyQllWFwj/view?usp=drivesdk
01 - Antiguo Testamento,02 - Dios me hizo,1 - Bebés (0+).pdf,https://drive.google.com/file/d/1PWza-uKSpgVnMGhe5yzXVrmh1lVJyZV0/view?usp=drivesdk
01 - Antiguo Testamento,03 - La Caída,4 - Adolescentes.pdf,https://drive.google.com/file/d/1LeiA_qnQs2sybieNYkI-XfG1anpaCt0M/view?usp=drivesdk
01 - Antiguo Testamento,03 - La Caída,3 - Niños de 5 a 10 años.pdf,https://drive.google.com/file/d/1m75gtcG-lKDhkoISwwkT_krmmDe2ZkHU/view?usp=drivesdk
01 - Antiguo Testamento,03 - La Caída,2 - Menores de 5 años.pdf,https://drive.google.com/file/d/1yRZ-UVgJuCIvNDGXYHZe3GaGbxqYu90i/view?usp=drivesdk
01 - Antiguo Testamento,03 - La Caída,1 - Bebés (0+).pdf,https://drive.google.com/file/d/1iPoPc2Sxz3BHfQaYu145Ny9udeb0SaxH/view?usp=drivesdk
01 - Antiguo Testamento,04 - Arca de Noé,4 - Adolescentes.pdf,https://drive.google.com/file/d/1AoZovuGhiZbWm5OsuO8dW588-Q0Xfc5s/view?usp=drivesdk
01 - Antiguo Testamento,04 - Arca de Noé,3 - Niños de 5 a 10 años.pdf,https://drive.google.com/file/d/1MSS3at8Zs3421DWBmlY44au7b6_0q4zg/view?usp=drivesdk
01 - Antiguo Testamento,04 - Arca de Noé,2 - Menores de 5 años.pdf,https://drive.google.com/file/d/1buwC8QnjCf3d3kusEOVaTZxGvmheKCAT/view?usp=drivesdk
01 - Antiguo Testamento,04 - Arca de Noé,1 - Bebés (0+).pdf,https://drive.google.com/file/d/1bNqiMG6hsZNqQ62Z1R5bZeL2Eo1j6AEI/view?usp=drivesdk
01 - Antiguo Testamento,01 - Dios hizo todo,4 - Adolescentes.pdf,https://drive.google.com/file/d/1hQK-GfgW1Ieo_FmRfqUCTUwhvFAO9gbi/view?usp=drivesdk
01 - Antiguo Testamento,01 - Dios hizo todo,3 - Niños de 5 a 10 años.pdf,https://drive.google.com/file/d/1oOMRtOdQ37lzbsc4b2-CNl1ZXCo7s-xS/view?usp=drivesdk
01 - Antiguo Testamento,01 - Dios hizo todo,2 - Menores de 5 años.pdf,https://drive.google.com/file/d/1hS5Yg0EFoBFZBiaGfSOoRL_fgOBcHxmU/view?usp=drivesdk
01 - Antiguo Testamento,01 - Dios hizo todo,1 - Bebés (0+).pdf,https://drive.google.com/file/d/1vCaTroPbGg32cuQxmTNzsqEKf8XJlYDE/view?usp=drivesdk
02 - Nuevo Testamento,74 - Lidia,3 - Niños de 5 a 10 años.pdf,https://drive.google.com/file/d/1nw7ZimWqGYUQX9N67tcvLRxaRyV-d15M/view?usp=drivesdk
02 - Nuevo Testamento,74 - Lidia,2 - Menores de 5 años.pdf,https://drive.google.com/file/d/1DI1JxKQDTwnf9hHT66TOrY6BC5zKbF2U/view?usp=drivesdk
02 - Nuevo Testamento,74 - Lidia,1 - Bebés (0+).pdf,https://drive.google.com/file/d/1wjWpm_H5Q2XYblvz3rujfn75FnuaMp_u/view?usp=drivesdk
02 - Nuevo Testamento,74 - Lidia,4 - Adolescentes.pdf,https://drive.google.com/file/d/11fy7Qv50vKHTiFOQjWmC8L7laGwDKi04/view?usp=drivesdk
02 - Nuevo Testamento,75 - Pablo en Éfeso,3 - Niños de 5 a 10 años.pdf,https://drive.google.com/file/d/1aq8HldHAhPIw2oGn--Sx9auLra6MdacA/view?usp=drivesdk
02 - Nuevo Testamento,75 - Pablo en Éfeso,2 - Menores de 5 años.pdf,https://drive.google.com/file/d/1W9IJVyGCE2TQPYGB2KES_N0yl-m0pTmH/view?usp=drivesdk
02 - Nuevo Testamento,75 - Pablo en Éfeso,1 - Bebés (0+).pdf,https://drive.google.com/file/d/1jTi5lFNlrET-JUKlyXWLb50uX8REFFZ4/view?usp=drivesdk
02 - Nuevo Testamento,75 - Pablo en Éfeso,4 - Adolescentes.pdf,https://drive.google.com/file/d/1eXm-s3rm_KIDBkmv4ERVyUF4FcaHzGng/view?usp=drivesdk
02 - Nuevo Testamento,67 - La Hija de Jairo,3 - Niños de 5 a 10 años.pdf,https://drive.google.com/file/d/1EIbgJ9GjdNFQTzzAudvKsWx-h4_i7zC1/view?usp=drivesdk
02 - Nuevo Testamento,67 - La Hija de Jairo,2 - Menores de 5 años.pdf,https://drive.google.com/file/d/1lTsZcZdSZRbkPrgDKDbM0Qc4bzLUeJ3q/view?usp=drivesdk
02 - Nuevo Testamento,67 - La Hija de Jairo,1 - Bebés (0+).pdf,https://drive.google.com/file/d/1kChwEluY6GXJsYqlcLlFsqgYv9bXwzme/view?usp=drivesdk
02 - Nuevo Testamento,67 - La Hija de Jairo,4 - Adolescentes.pdf,https://drive.google.com/file/d/1OITL8WQUrjruJuI6pym68Fkne-XqSdF5/view?usp=drivesdk
02 - Nuevo Testamento,72 - Pablo en Corinto,3 - Niños de 5 a 10 años.pdf,https://drive.google.com/file/d/12S3egxY0VfEpJOUvopbcz1Hr5RSn4J4n/view?usp=drivesdk
02 - Nuevo Testamento,72 - Pablo en Corinto,2 - Menores de 5 años.pdf,https://drive.google.com/file/d/1bTRX6cV_QhIAnMRzRyIzJQ9eZIhjqiET/view?usp=drivesdk
02 - Nuevo Testamento,72 - Pablo en Corinto,1 - Bebés (0+).pdf,https://drive.google.com/file/d/1qLyE05FgHxIQeo94ivpF78Ajv_WutP5Q/view?usp=drivesdk
02 - Nuevo Testamento,72 - Pablo en Corinto,4 - Adolescentes.pdf,https://drive.google.com/file/d/1kNzDH2HbHZdE0nTigYlW0T2fion_dqnY/view?usp=drivesdk
02 - Nuevo Testamento,71 - El Concilio de Jerusalén,3 - Niños de 5 a 10 años.pdf,https://drive.google.com/file/d/1bJF-fcXALqxjE77aDvRsvdB3bYXZp40_/view?usp=drivesdk
02 - Nuevo Testamento,71 - El Concilio de Jerusalén,2 - Menores de 5 años.pdf,https://drive.google.com/file/d/1Vx6d3KAvWplR3vjDBBjSCG0zkdCVUbYm/view?usp=drivesdk
02 - Nuevo Testamento,71 - El Concilio de Jerusalén,1 - Bebés (0+).pdf,https://drive.google.com/file/d/1uxTa_80z7DY-6tDV-LVUQdD_4OEXk5vJ/view?usp=drivesdk
02 - Nuevo Testamento,71 - El Concilio de Jerusalén,4 - Adolescentes.pdf,https://drive.google.com/file/d/1hpu3OmXLq7HavqT_5I59WCCwMM64HW5T/view?usp=drivesdk
02 - Nuevo Testamento,73 - Pablo Comienza su Ministerio,3 - Niños de 5 a 10 años.pdf,https://drive.google.com/file/d/1XYMoq_kgPTA7Aw7H2lAMXVkLN5oNfF3N/view?usp=drivesdk
02 - Nuevo Testamento,73 - Pablo Comienza su Ministerio,2 - Menores de 5 años.pdf,https://drive.google.com/file/d/1P6x5STz-1t-x5_QeSF5l2D1T5U1ROVzs/view?usp=drivesdk
02 - Nuevo Testamento,73 - Pablo Comienza su Ministerio,1 - Bebés (0+).pdf,https://drive.google.com/file/d/14SC8DDGOHkGMi4C2sQyyiJziHvcXbJcH/view?usp=drivesdk
02 - Nuevo Testamento,73 - Pablo Comienza su Ministerio,4 - Adolescentes.pdf,https://drive.google.com/file/d/1Otg9ujPbcuhfoq_T3GUNcD8JxKM-n1Fa/view?usp=drivesdk
02 - Nuevo Testamento,70 - El Joven Rico,3 - Niños de 5 a 10 años.pdf,https://drive.google.com/file/d/1oiuYde43FT1QaK7dPcf1Wc_ocRdfJLHH/view?usp=drivesdk
02 - Nuevo Testamento,70 - El Joven Rico,2 - Menores de 5 años.pdf,https://drive.google.com/file/d/1Y5LN2UJVOxlYNEd0X2sHnqM6I9Ss-p5w/view?usp=drivesdk
02 - Nuevo Testamento,70 - El Joven Rico,1 - Bebés (0+).pdf,https://drive.google.com/file/d/1fb8VZUds8NzsFJK3ZPhGzsGylwf5AMQY/view?usp=drivesdk
02 - Nuevo Testamento,70 - El Joven Rico,4 - Adolescentes.pdf,https://drive.google.com/file/d/12UeiNNLBwq3QWtgxREFK3q7sJBfQxzCu/view?usp=drivesdk
02 - Nuevo Testamento,68 - La parábola de la red,3 - Niños de 5 a 10 años.pdf,https://drive.google.com/file/d/10dKGEeAQgzTYm49BJPk6y3m264tB6Fbm/view?usp=drivesdk
02 - Nuevo Testamento,68 - La parábola de la red,2 - Menores de 5 años.pdf,https://drive.google.com/file/d/1sXLHHTxI5uSxJpAlwiMgwLDrfbKgsmD3/view?usp=drivesdk
02 - Nuevo Testamento,68 - La parábola de la red,1 - Bebés (0+).pdf,https://drive.google.com/file/d/1H9La6k9v6JT23as5n6rFUBS3s2fl-yTo/view?usp=drivesdk
02 - Nuevo Testamento,68 - La parábola de la red,4 - Adolescentes.pdf,https://drive.google.com/file/d/1P_F_9cIzcuHxbEoemdQxw3QuHaKIwlrv/view?usp=drivesdk
02 - Nuevo Testamento,69 - Pablo en Atenas,3 - Niños de 5 a 10 años.pdf,https://drive.google.com/file/d/1b8-CAOlRcR76QTWLS-x-PrXVAYSmmrVJ/view?usp=drivesdk
02 - Nuevo Testamento,69 - Pablo en Atenas,2 - Menores de 5 años.pdf,https://drive.google.com/file/d/1t8sC43NrjrmZPKB_Bgxf0oW-H5vyZSh_/view?usp=drivesdk
02 - Nuevo Testamento,69 - Pablo en Atenas,1 - Bebés (0+).pdf,https://drive.google.com/file/d/1ZKHiBSpuG7VLwvzAIbruxSL2CFTYunNw/view?usp=drivesdk
02 - Nuevo Testamento,69 - Pablo en Atenas,4 - Adolescentes.pdf,https://drive.google.com/file/d/1sGbBIj79pC-YhUQMwmC1b2qkFg7iyy_j/view?usp=drivesdk
02 - Nuevo Testamento,65 - El Regreso de Jesús,2 - Menores de 5 años.pdf,https://drive.google.com/file/d/12ArOFg8SlgPlaWi8-Q371H7MVNb_J0su/view?usp=drivesdk
02 - Nuevo Testamento,65 - El Regreso de Jesús,3 - Niños de 5 a 10 años.pdf,https://drive.google.com/file/d/1Dn-Hid-nGJks4x54asFmFnAeTo1HvQDV/view?usp=drivesdk
02 - Nuevo Testamento,65 - El Regreso de Jesús,1 - Bebés (0+).pdf,https://drive.google.com/file/d/1ffzoB378FE1Iu93T1ejudUHHW4RxoGn7/view?usp=drivesdk
02 - Nuevo Testamento,66 - La Transfiguración,2 - Menores de 5 años.pdf,https://drive.google.com/file/d/1AnZcVMLO4O1Xxu84Y4dyLRNKxC7op3Pa/view?usp=drivesdk
02 - Nuevo Testamento,66 - La Transfiguración,3 - Niños de 5 a 10 años.pdf,https://drive.google.com/file/d/1nnXYq9zBqI1kFrRl6IOBip8PTm8z0sfd/view?usp=drivesdk
02 - Nuevo Testamento,66 - La Transfiguración,1 - Bebés (0+).pdf,https://drive.google.com/file/d/1lvLnzpeUPVhBWT8sz35a5mUEBp19Trpp/view?usp=drivesdk
02 - Nuevo Testamento,64 - La Moneda en la Boca del Pez,2 - Menores de 5 años.pdf,https://drive.google.com/file/d/1KCP_QLaBcU1iI7n9c_GMZ2pvDDK6_pLX/view?usp=drivesdk
02 - Nuevo Testamento,64 - La Moneda en la Boca del Pez,3 - Niños de 5 a 10 años.pdf,https://drive.google.com/file/d/1PUqUlVom_VZFtFZn-cPa_mt5oN1TEbS_/view?usp=drivesdk
02 - Nuevo Testamento,64 - La Moneda en la Boca del Pez,1 - Bebés (0+).pdf,https://drive.google.com/file/d/1VZUwoX3htcyUHhME131d0vErruY-YXye/view?usp=drivesdk
02 - Nuevo Testamento,63 - La Ofrenda de la Viuda,2 - Menores de 5 años.pdf,https://drive.google.com/file/d/1ezj3qvPLWLJWPmajA4_HFkP8VXyXMq8Z/view?usp=drivesdk
02 - Nuevo Testamento,63 - La Ofrenda de la Viuda,3 - Niños de 5 a 10 años.pdf,https://drive.google.com/file/d/1CKdvqOlyxjqAFSMcFH92_xJDSdUyW73T/view?usp=drivesdk
02 - Nuevo Testamento,63 - La Ofrenda de la Viuda,1 - Bebés (0+).pdf,https://drive.google.com/file/d/1xw-KtsjsR7KCGtBnYHTsdlYs1qHrh9rl/view?usp=drivesdk
02 - Nuevo Testamento,62 - Los Bereanos,2 - Menores de 5 años.pdf,https://drive.google.com/file/d/1jOG0Hb_JpVZH2Jd3vvTFOqb8C2IbY0H4/view?usp=drivesdk
02 - Nuevo Testamento,62 - Los Bereanos,1 - Bebés (0+).pdf,https://drive.google.com/file/d/1zu9XSjTuwwjS8zXO6pM8oq2keuzFarAi/view?usp=drivesdk
02 - Nuevo Testamento,62 - Los Bereanos,4 - Adolescentes.pdf,https://drive.google.com/file/d/1WfvepUQQ3A7qG9R-4n5Arh0kNmIUxjQR/view?usp=drivesdk
02 - Nuevo Testamento,61 - Pablo y Bernabé en Listra,3 - Niños de 5 a 10 años.pdf,https://drive.google.com/file/d/1Z9WZ70MxAW8LHa5sdte6baQcPqQ9afbv/view?usp=drivesdk
02 - Nuevo Testamento,61 - Pablo y Bernabé en Listra,2 - Menores de 5 años.pdf,https://drive.google.com/file/d/12z-swYVBAny2mMaUmZO7BwixKveEELlz/view?usp=drivesdk
02 - Nuevo Testamento,61 - Pablo y Bernabé en Listra,1 - Bebés (0+).pdf,https://drive.google.com/file/d/11v3F6j-7wgDL8uGH5rmpsbnS4-kZAuVK/view?usp=drivesdk
02 - Nuevo Testamento,61 - Pablo y Bernabé en Listra,4 - Adolescentes.pdf,https://drive.google.com/file/d/17GsrbzHsm8e27Vo9CvFMSOdXkwdY7hDu/view?usp=drivesdk
02 - Nuevo Testamento,60 - Tabita (Dorcas),2 - Menores de 5 años.pdf,https://drive.google.com/file/d/1yHZtZb7VlF_r2ArZ1G3SiX0r0Hl_S0l_/view?usp=drivesdk
02 - Nuevo Testamento,60 - Tabita (Dorcas),3 - Niños de 5 a 10 años.pdf,https://drive.google.com/file/d/1DglsfBNFxq-9gUF3YiWsyusN_nDhUBCA/view?usp=drivesdk
02 - Nuevo Testamento,60 - Tabita (Dorcas),1 - Bebés (0+).pdf,https://drive.google.com/file/d/1kAdO5UKR3po3hQJFtCdEsQAr-2PE_gvI/view?usp=drivesdk
02 - Nuevo Testamento,59 - Jesús se aparece a María Magdalena,2 - Menores de 5 años.pdf,https://drive.google.com/file/d/1SLh1ZEFhVtWoBjEcpocdHlJhyEBRt8CZ/view?usp=drivesdk
02 - Nuevo Testamento,59 - Jesús se aparece a María Magdalena,3 - Niños de 5 a 10 años.pdf,https://drive.google.com/file/d/1jhgedVWnDeu6QCP25eLIGXWZJxAFbjIK/view?usp=drivesdk
02 - Nuevo Testamento,59 - Jesús se aparece a María Magdalena,1 - Bebés (0+).pdf,https://drive.google.com/file/d/1ijiTl5wrbcsCqBRqZNp2WHUPADBNNauU/view?usp=drivesdk
02 - Nuevo Testamento,59 - Jesús se aparece a María Magdalena,4 - Adolescentes.pdf,https://drive.google.com/file/d/16DlKTkOgqb0JHlJD2rjVJ3wUq7YJNTK-/view?usp=drivesdk
02 - Nuevo Testamento,58 - María unge a Jesús,2 - Menores de 5 años.pdf,https://drive.google.com/file/d/1adI3bI3GLFJDKT1tHFnPSY4aIjbc_VZF/view?usp=drivesdk
02 - Nuevo Testamento,58 - María unge a Jesús,3 - Niños de 5 a 10 años.pdf,https://drive.google.com/file/d/1XK9qDG8YYVEiOY-4FBpeYUmwB0GMceox/view?usp=drivesdk
02 - Nuevo Testamento,58 - María unge a Jesús,1 - Bebés (0+).pdf,https://drive.google.com/file/d/1Vb4-GAcFwwKEbzn_xImuCStWnQJqXzB5/view?usp=drivesdk
02 - Nuevo Testamento,57 - Jesús restaura a Pedro,2 - Menores de 5 años.pdf,https://drive.google.com/file/d/1H0kuJoEkUoXegp5Ke0yxS3rXpgrjFdTp/view?usp=drivesdk
02 - Nuevo Testamento,57 - Jesús restaura a Pedro,3 - Niños de 5 a 10 años.pdf,https://drive.google.com/file/d/11ZdbH68wXljlb-17OKUdo6s7Plt_Dpjl/view?usp=drivesdk
02 - Nuevo Testamento,57 - Jesús restaura a Pedro,1 - Bebés (0+).pdf,https://drive.google.com/file/d/1dIum1VKgi7JRj_Yt1no_EgqBWCq3zWoR/view?usp=drivesdk
02 - Nuevo Testamento,57 - Jesús restaura a Pedro,4 - Adolescentes.pdf,https://drive.google.com/file/d/1IyKvILBTQw2Pskvv8v2D6iD2-gquXL04/view?usp=drivesdk
02 - Nuevo Testamento,55 - Pedro y Cornelio,2 - Menores de 5 años.pdf,https://drive.google.com/file/d/1Wo5lbqvjt4DDxd8sQBBunl5nAH-9LbcU/view?usp=drivesdk
02 - Nuevo Testamento,55 - Pedro y Cornelio,3 - Niños de 5 a 10 años.pdf,https://drive.google.com/file/d/1FXU4w0r7eKCUscMyGQYbExsx3rOOt3ax/view?usp=drivesdk
02 - Nuevo Testamento,55 - Pedro y Cornelio,1 - Bebés (0+).pdf,https://drive.google.com/file/d/1ixynuryGnj5GPbAz80J7Icp5z6KlD_J4/view?usp=drivesdk
02 - Nuevo Testamento,54 - El tesoro escondido,3 - Niños de 5 a 10 años.pdf,https://drive.google.com/file/d/1o7oeZlGRBVcYpFWGfgivKCwCRnVvTUnl/view?usp=drivesdk
02 - Nuevo Testamento,54 - El tesoro escondido,2 - Menores de 5 años.pdf,https://drive.google.com/file/d/1o9oDB6WAIE18ZZ0VE0IoaKT8T7Dbgq91/view?usp=drivesdk
02 - Nuevo Testamento,54 - El tesoro escondido,1 - Bebés (0+).pdf,https://drive.google.com/file/d/1dpvlB_DBJKFOAdTFbbyFEdDXnJ60px2y/view?usp=drivesdk
02 - Nuevo Testamento,53 - El camino a Emaús,2 - Menores de 5 años.pdf,https://drive.google.com/file/d/1Cg2VJRItRfKSy6XK1Fds5e0k5k53Q9yE/view?usp=drivesdk
02 - Nuevo Testamento,53 - El camino a Emaús,1 - Bebés (0+).pdf,https://drive.google.com/file/d/11EjOhHSzWch2l1bjZHWscCDqwPP-URqd/view?usp=drivesdk
02 - Nuevo Testamento,53 - El camino a Emaús,4 - Adolescentes.pdf,https://drive.google.com/file/d/1FZs33OYgbscHGYJHnjLlxd_vDpT0uApJ/view?usp=drivesdk
02 - Nuevo Testamento,56 - Jesús y Tomás,2 - Menores de 5 años.pdf,https://drive.google.com/file/d/1R9E_kf8Jwy1f3NzaK4SE1muZ_EMLUxPN/view?usp=drivesdk
02 - Nuevo Testamento,56 - Jesús y Tomás,3 - Niños de 5 a 10 años.pdf,https://drive.google.com/file/d/1wmI_cvElks8K87WQ0KQ3PIAwyKDk9sTZ/view?usp=drivesdk
02 - Nuevo Testamento,56 - Jesús y Tomás,4 - Adolescentes.pdf,https://drive.google.com/file/d/1UDCSSxPLDySey6RT0JJ-OlRuxa5pNkY6/view?usp=drivesdk
02 - Nuevo Testamento,52 - Zacarías y el nacimiento de Juan el Bautista,3 - Niños de 5 a 10 años.pdf,https://drive.google.com/file/d/1qPuSJQpiqACtkkj2Z1p_Is2tZvJYGiVc/view?usp=drivesdk
02 - Nuevo Testamento,52 - Zacarías y el nacimiento de Juan el Bautista,2 - Menores de 5 años.pdf,https://drive.google.com/file/d/1bZ4AqAvIVFHOxMZUKZFwo4TCqc9jkgEh/view?usp=drivesdk
02 - Nuevo Testamento,52 - Zacarías y el nacimiento de Juan el Bautista,1 - Bebés (0+).pdf,https://drive.google.com/file/d/1gwbJ2xA7dNOrMk9jTOkqWbB7saeQfQ9z/view?usp=drivesdk
02 - Nuevo Testamento,51 - Esteban,2 - Menores de 5 años.pdf,https://drive.google.com/file/d/12plToKK8R3il1E-MvaqCCAWTWNhlkj-B/view?usp=drivesdk
02 - Nuevo Testamento,51 - Esteban,1 - Bebés (0+).pdf,https://drive.google.com/file/d/1737yVZ5NO5EfqfnBEr9BbV1EWwcsZarJ/view?usp=drivesdk
02 - Nuevo Testamento,50 - Pedro y Juan sanan a un mendigo cojo,2 - Menores de 5 años.pdf,https://drive.google.com/file/d/1pm9EFhr5ZgPOKF3pYQTw1Q3au-IpbABK/view?usp=drivesdk
02 - Nuevo Testamento,50 - Pedro y Juan sanan a un mendigo cojo,1 - Bebés (0+).pdf,https://drive.google.com/file/d/1TB9BjoAHO2iH2qxRSivU0oF61bwIl8ff/view?usp=drivesdk
02 - Nuevo Testamento,49 - El Estanque de Betesda,2 - Menores de 5 años.pdf,https://drive.google.com/file/d/1R0FO7RzAcDVAdoCbfx4ENKKSb6_FcjeO/view?usp=drivesdk
02 - Nuevo Testamento,49 - El Estanque de Betesda,1 - Bebés (0+).pdf,https://drive.google.com/file/d/1c_MdOyu4ZE6L-YNQJgy87cKdz8LwPQ1a/view?usp=drivesdk
02 - Nuevo Testamento,47 - El fruto del Espíritu,3 - Niños de 5 a 10 años.pdf,https://drive.google.com/file/d/1nCv-xQkY9M1J8Kv2I73q4Xln1A0x7EPd/view?usp=drivesdk
02 - Nuevo Testamento,47 - El fruto del Espíritu,2 - Menores de 5 años.pdf,https://drive.google.com/file/d/1dNcLEBB3_NZ-yB21ODrwmR2-fFWA2oSb/view?usp=drivesdk
02 - Nuevo Testamento,47 - El fruto del Espíritu,1 - Bebés (0+).pdf,https://drive.google.com/file/d/1jDIWZAHXIkLfeRWHt5lWyoQmeVyAh316/view?usp=drivesdk
02 - Nuevo Testamento,47 - El fruto del Espíritu,4 - Adolescentes.pdf,https://drive.google.com/file/d/1MAXjQ9phhTBoqfc7xRPDLV8ZrerHHZTs/view?usp=drivesdk
02 - Nuevo Testamento,45 - Timoteo,3 - Niños de 5 a 10 años.pdf,https://drive.google.com/file/d/1uzZSGjMkdeq0shmyTFoxYrH7OpFLv44Y/view?usp=drivesdk
02 - Nuevo Testamento,45 - Timoteo,2 - Menores de 5 años.pdf,https://drive.google.com/file/d/1GVDVkllfdYPO9h8-e8kd8nfwxRVuPng1/view?usp=drivesdk
02 - Nuevo Testamento,45 - Timoteo,1 - Bebés (0+).pdf,https://drive.google.com/file/d/1A2dYfquTY6bwVhJ391pP1YgwdX8PP9cD/view?usp=drivesdk
02 - Nuevo Testamento,45 - Timoteo,4 - Adolescentes.pdf,https://drive.google.com/file/d/1ddiSpnaE6goRDkhqSfiKUjxVbMy1r8tj/view?usp=drivesdk
02 - Nuevo Testamento,46 - La armadura de Dios,3 - Niños de 5 a 10 años.pdf,https://drive.google.com/file/d/1jMX3Uze5SyWr6QTOdBKANfVeBvYOnkO_/view?usp=drivesdk
02 - Nuevo Testamento,46 - La armadura de Dios,2 - Menores de 5 años.pdf,https://drive.google.com/file/d/1sJ9_64frO4wIB6PeXnFLeQmQrKk-F3RZ/view?usp=drivesdk
02 - Nuevo Testamento,46 - La armadura de Dios,1 - Bebés (0+).pdf,https://drive.google.com/file/d/1x7XJyYeJCAZJbPrLjE5_4clexCZ2ocgp/view?usp=drivesdk
02 - Nuevo Testamento,46 - La armadura de Dios,4 - Adolescentes.pdf,https://drive.google.com/file/d/1IoYJgvYNpjMDehhmYQ9qr0Ee1C7-BBQx/view?usp=drivesdk
02 - Nuevo Testamento,42 - Los viajes misioneros de Pablo,3 - Niños de 5 a 10 años.pdf,https://drive.google.com/file/d/1reEYsHKhh8wNzfoB8Uz3aT0bvM9XtIny/view?usp=drivesdk
02 - Nuevo Testamento,42 - Los viajes misioneros de Pablo,2 - Menores de 5 años.pdf,https://drive.google.com/file/d/1C3GQZPsfeW6H0_HNhbGCoYUUqeqguTNa/view?usp=drivesdk
02 - Nuevo Testamento,42 - Los viajes misioneros de Pablo,1 - Bebés (0+).pdf,https://drive.google.com/file/d/1GBewwgAT5sMjEFkRQlKFu0QHSNIC1NQ-/view?usp=drivesdk
02 - Nuevo Testamento,42 - Los viajes misioneros de Pablo,4 - Adolescentes.pdf,https://drive.google.com/file/d/1gnsvFgB6wXb61V-Bll_VipcpVJCtUd6Z/view?usp=drivesdk
02 - Nuevo Testamento,44 - El naufragio de Pablo,3 - Niños de 5 a 10 años.pdf,https://drive.google.com/file/d/1H04-huhdqQso0OyQt2BUIJXTxg93i7Ha/view?usp=drivesdk
02 - Nuevo Testamento,44 - El naufragio de Pablo,2 - Menores de 5 años.pdf,https://drive.google.com/file/d/1_Wdu26Wwt_NDGLBmAgVRu-dBDIUQEhIJ/view?usp=drivesdk
02 - Nuevo Testamento,44 - El naufragio de Pablo,1 - Bebés (0+).pdf,https://drive.google.com/file/d/1Sh9qhOzOIEWgxE6kL7bO6zvLLf3zklxG/view?usp=drivesdk
02 - Nuevo Testamento,44 - El naufragio de Pablo,4 - Adolescentes.pdf,https://drive.google.com/file/d/1jk639mw5KQwaQxSttMlcdU8XXb7ezQ8Q/view?usp=drivesdk
02 - Nuevo Testamento,48 - Filemón,3 - Niños de 5 a 10 años.pdf,https://drive.google.com/file/d/1oKzuCalPSIaQ3Do04FHHbehtG3RDqIrX/view?usp=drivesdk
02 - Nuevo Testamento,48 - Filemón,2 - Menores de 5 años.pdf,https://drive.google.com/file/d/1Q_dPDkG9ex9jm7cBhMHVDblRMpJNS-dZ/view?usp=drivesdk
02 - Nuevo Testamento,48 - Filemón,1 - Bebés (0+).pdf,https://drive.google.com/file/d/1LnErtUS7kR4cr_wOly5CcwksI86taPtQ/view?usp=drivesdk
02 - Nuevo Testamento,48 - Filemón,4 - Adolescentes.pdf,https://drive.google.com/file/d/12mmRIm3rVx7hZAZLBoxAYF_xmq4ZA70P/view?usp=drivesdk
02 - Nuevo Testamento,43 - Pablo y Silas en la cárcel,3 - Niños de 5 a 10 años.pdf,https://drive.google.com/file/d/1HPU_dfK9xKAOqhW7-PShVKrw94VTh1YI/view?usp=drivesdk
02 - Nuevo Testamento,43 - Pablo y Silas en la cárcel,2 - Menores de 5 años.pdf,https://drive.google.com/file/d/1fDaXQNIgG2h935FomBuWaIWc-QAw6lua/view?usp=drivesdk
02 - Nuevo Testamento,43 - Pablo y Silas en la cárcel,1 - Bebés (0+).pdf,https://drive.google.com/file/d/16L2eEiSnH7iooBWp6Sd9Bfnon6c67jJU/view?usp=drivesdk
02 - Nuevo Testamento,43 - Pablo y Silas en la cárcel,4 - Adolescentes.pdf,https://drive.google.com/file/d/1HrQ3hOzP3WnNeNvnsoQOM0T8Mi8aHEMg/view?usp=drivesdk
02 - Nuevo Testamento,39 - Felipe y el Etíope,3 - Niños de 5 a 10 años.pdf,https://drive.google.com/file/d/1iqojpI51nXISBbB_4L35nkVZhOH7ZhVB/view?usp=drivesdk
02 - Nuevo Testamento,39 - Felipe y el Etíope,2 - Menores de 5 años.pdf,https://drive.google.com/file/d/1IYoEeBgRQmviXSTJeUl_GGTrNArZEu-u/view?usp=drivesdk
02 - Nuevo Testamento,39 - Felipe y el Etíope,1 - Bebés (0+).pdf,https://drive.google.com/file/d/1ihOC5t2X5cUtbD7JgmRzXRG0q-PCs0S-/view?usp=drivesdk
02 - Nuevo Testamento,39 - Felipe y el Etíope,4 - Adolescentes.pdf,https://drive.google.com/file/d/18i2CZv6LgIMIaGC_SwjimzsR7YnxrYOg/view?usp=drivesdk
02 - Nuevo Testamento,38 - Los siete elegidos para servir,3 - Niños de 5 a 10 años.pdf,https://drive.google.com/file/d/1X1a2BiiOR-qECOkQjBkLD6d0y8yShkLJ/view?usp=drivesdk
02 - Nuevo Testamento,38 - Los siete elegidos para servir,2 - Menores de 5 años.pdf,https://drive.google.com/file/d/1IHS-Wr-loFueiNeh7j4matv0cmYQba1m/view?usp=drivesdk
02 - Nuevo Testamento,38 - Los siete elegidos para servir,1 - Bebés (0+).pdf,https://drive.google.com/file/d/1VS53QJFCJJmQHkAvZ0mV59jrXJ-TbOCU/view?usp=drivesdk
02 - Nuevo Testamento,38 - Los siete elegidos para servir,4 - Adolescentes.pdf,https://drive.google.com/file/d/176KwRVM68sj5oXmH1p13xrrEgway1Ej7/view?usp=drivesdk
02 - Nuevo Testamento,41 - Saulo se convierte en Pablo,3 - Niños de 5 a 10 años.pdf,https://drive.google.com/file/d/1Nt4KKViFVhu0QNQ971D4xi5vRLxm24AJ/view?usp=drivesdk
02 - Nuevo Testamento,41 - Saulo se convierte en Pablo,2 - Menores de 5 años.pdf,https://drive.google.com/file/d/1IXVr2tBkF7XNhoWE9WsbVADCbUxS8Eex/view?usp=drivesdk
02 - Nuevo Testamento,41 - Saulo se convierte en Pablo,1 - Bebés (0+).pdf,https://drive.google.com/file/d/18DJQaYFu7-JoZYpfVPKkdOqx61BN8JA7/view?usp=drivesdk
02 - Nuevo Testamento,41 - Saulo se convierte en Pablo,4 - Adolescentes.pdf,https://drive.google.com/file/d/1u5YGZw5MJ7gMVIrt42XWSuhG3SukBuek/view?usp=drivesdk
02 - Nuevo Testamento,40 - Pedro es rescatado,3 - Niños de 5 a 10 años.pdf,https://drive.google.com/file/d/1WBZV9gG0MDcfIEhGFsut0Coh1AQKqfGX/view?usp=drivesdk
02 - Nuevo Testamento,40 - Pedro es rescatado,2 - Menores de 5 años.pdf,https://drive.google.com/file/d/1Hg16i_DLe4I9m4ntHz3ANtaANlfyMJjo/view?usp=drivesdk
02 - Nuevo Testamento,40 - Pedro es rescatado,1 - Bebés (0+).pdf,https://drive.google.com/file/d/1C2tD5rcZ9u-WGu4LafnaNSo0smVldRBh/view?usp=drivesdk
02 - Nuevo Testamento,40 - Pedro es rescatado,4 - Adolescentes.pdf,https://drive.google.com/file/d/1_Ja1ZbNbVWtTtuxReOBaUjkCLYnNMT45/view?usp=drivesdk
02 - Nuevo Testamento,37 - Pentecostés,3 - Niños de 5 a 10 años.pdf,https://drive.google.com/file/d/1xlLQgTU-sj0zvvZ5nj4vDahhP7Eqbq8Z/view?usp=drivesdk
02 - Nuevo Testamento,37 - Pentecostés,2 - Menores de 5 años.pdf,https://drive.google.com/file/d/1FslF7DpKbBDu03IO-HloaAkotMdKHoGL/view?usp=drivesdk
02 - Nuevo Testamento,37 - Pentecostés,1 - Bebés (0+).pdf,https://drive.google.com/file/d/13Y-WVU15jDByyhQDxrXeSMxwMh93GPdi/view?usp=drivesdk
02 - Nuevo Testamento,37 - Pentecostés,4 - Adolescentes.pdf,https://drive.google.com/file/d/1T1OyR-Q4j_GonktRP2viimYm39TiRE1R/view?usp=drivesdk
02 - Nuevo Testamento,36 - La gran comisión,3 - Niños de 5 a 10 años.pdf,https://drive.google.com/file/d/1ManKlezD3wM2ETgbDK935Dp-aSclzaWf/view?usp=drivesdk
02 - Nuevo Testamento,36 - La gran comisión,2 - Menores de 5 años.pdf,https://drive.google.com/file/d/11l5sVO9FW-9Qo64r9KYZeRqJboAwoPwQ/view?usp=drivesdk
02 - Nuevo Testamento,36 - La gran comisión,1 - Bebés (0+).pdf,https://drive.google.com/file/d/1WrIH-uACvyqD8XL_pWSKgqVap2BdVaa5/view?usp=drivesdk
02 - Nuevo Testamento,36 - La gran comisión,4 - Adolescentes.pdf,https://drive.google.com/file/d/1nsNA_THKR5Fg9IfCm0lOgKJiX4MVpY_F/view?usp=drivesdk
02 - Nuevo Testamento,35 - Pedro camina sobre el agua,3 - Niños de 5 a 10 años.pdf,https://drive.google.com/file/d/1Khgc_Pj6gWIL39yrsoV38knK5rq-UNLm/view?usp=drivesdk
02 - Nuevo Testamento,35 - Pedro camina sobre el agua,2 - Menores de 5 años.pdf,https://drive.google.com/file/d/1pAW3IjrZRcsGyke7z8ghe4qj4Z_03xoU/view?usp=drivesdk
02 - Nuevo Testamento,35 - Pedro camina sobre el agua,1 - Bebés (0+).pdf,https://drive.google.com/file/d/10e7_Du4Zb5T87Jd6TnVBdST4SrNVFJU0/view?usp=drivesdk
02 - Nuevo Testamento,35 - Pedro camina sobre el agua,4 - Adolescentes.pdf,https://drive.google.com/file/d/1cjme4W8kKtuzVuMmQdxsWZ6zhPvDM8IT/view?usp=drivesdk
02 - Nuevo Testamento,33 - La mujer que tocó a Jesús,3 - Niños de 5 a 10 años.pdf,https://drive.google.com/file/d/1DMnx0uGcWNaimLQVS_cjsr5HgXkv6gOZ/view?usp=drivesdk
02 - Nuevo Testamento,33 - La mujer que tocó a Jesús,2 - Menores de 5 años.pdf,https://drive.google.com/file/d/1SA0GyZIIJD13PMy05dkwnW4Xyff-76mN/view?usp=drivesdk
02 - Nuevo Testamento,33 - La mujer que tocó a Jesús,1 - Bebés (0+).pdf,https://drive.google.com/file/d/12JYFDi0TR7ymq9w2fKllHJ1CW-3lZ_5g/view?usp=drivesdk
02 - Nuevo Testamento,33 - La mujer que tocó a Jesús,4 - Adolescentes.pdf,https://drive.google.com/file/d/1I0oZ0QxSO4lRxOL_ICy-ZEH6S_D4Itn6/view?usp=drivesdk
02 - Nuevo Testamento,34 - La Casa de Oración,3 - Niños de 5 a 10 años.pdf,https://drive.google.com/file/d/10wRTO1r_hreDlwYySfqzCoIbmD4G6H5x/view?usp=drivesdk
02 - Nuevo Testamento,34 - La Casa de Oración,2 - Menores de 5 años.pdf,https://drive.google.com/file/d/1SUl_up6LU9oDwaJ8Te3_3Cn5zhZI2xlg/view?usp=drivesdk
02 - Nuevo Testamento,34 - La Casa de Oración,1 - Bebés (0+).pdf,https://drive.google.com/file/d/13o6bIgbsMFMhw1V5hkDIOaYlYbpCTezN/view?usp=drivesdk
02 - Nuevo Testamento,34 - La Casa de Oración,4 - Adolescentes.pdf,https://drive.google.com/file/d/1d2JtuPD5s-apZSa7Xf4yVSjjpYFOooAY/view?usp=drivesdk
02 - Nuevo Testamento,32 - El Centurión Romano,3 - Niños de 5 a 10 años.pdf,https://drive.google.com/file/d/19QDPUm8AblPzjDsXRSrleyAkdbMdpcVq/view?usp=drivesdk
02 - Nuevo Testamento,32 - El Centurión Romano,2 - Menores de 5 años.pdf,https://drive.google.com/file/d/1rQaWNxcRCizdxVHEVDji0_bJWFHwk53T/view?usp=drivesdk
02 - Nuevo Testamento,32 - El Centurión Romano,1 - Bebés (0+).pdf,https://drive.google.com/file/d/1mWipWCjd0faHH5AWzH1Onmxe25h2-Uwm/view?usp=drivesdk
02 - Nuevo Testamento,32 - El Centurión Romano,4 - Adolescentes.pdf,https://drive.google.com/file/d/1Vm8nmFo-CfqIeItKQrRyA473iVA1yyWl/view?usp=drivesdk
02 - Nuevo Testamento,29 - Lázaro,3 - Niños de 5 a 10 años.pdf,https://drive.google.com/file/d/1JuNqPPAunZphctjGQW5DMH6MQEedmpOe/view?usp=drivesdk
02 - Nuevo Testamento,29 - Lázaro,2 - Menores de 5 años.pdf,https://drive.google.com/file/d/1v3Xjwr3_1FUV98-ACnMTNW2Tck__OA2L/view?usp=drivesdk
02 - Nuevo Testamento,29 - Lázaro,1 - Bebés (0+).pdf,https://drive.google.com/file/d/1XOJ7xa2_VqAjiwi1yIMtGdirL6OBniyJ/view?usp=drivesdk
02 - Nuevo Testamento,29 - Lázaro,4 - Adolescentes.pdf,https://drive.google.com/file/d/1FZN_6W5YSrJljPFLQ2kafizs9CfpByZZ/view?usp=drivesdk
02 - Nuevo Testamento,31 - El hombre ciego,3 - Niños de 5 a 10 años.pdf,https://drive.google.com/file/d/1g2x43yUapZ_dN_t-T39guTSYoNIx2moV/view?usp=drivesdk
02 - Nuevo Testamento,31 - El hombre ciego,2 - Menores de 5 años.pdf,https://drive.google.com/file/d/19l0GOTB4CXV-1imHZbLMv2By49eGtjNM/view?usp=drivesdk
02 - Nuevo Testamento,31 - El hombre ciego,1 - Bebés (0+).pdf,https://drive.google.com/file/d/1h8wWKV9TLinvjB_BRYi1Jr20nEJIbp3u/view?usp=drivesdk
02 - Nuevo Testamento,31 - El hombre ciego,4 - Adolescentes.pdf,https://drive.google.com/file/d/1sz08WGeD_kd_42caEsb3dYgdCibKdzkB/view?usp=drivesdk
02 - Nuevo Testamento,30 - Los niños pequeños,3 - Niños de 5 a 10 años.pdf,https://drive.google.com/file/d/1bmzP8ynoS6SPL8EPwghiXvTBoU4gDxON/view?usp=drivesdk
02 - Nuevo Testamento,30 - Los niños pequeños,2 - Menores de 5 años.pdf,https://drive.google.com/file/d/1YO9IBT1ZXTSEDSNMhYq1_IZLJaQzsm-k/view?usp=drivesdk
02 - Nuevo Testamento,30 - Los niños pequeños,1 - Bebés (0+).pdf,https://drive.google.com/file/d/16OoZCxyNoa5jnp7O13t7oePtBiudupF3/view?usp=drivesdk
02 - Nuevo Testamento,30 - Los niños pequeños,4 - Adolescentes.pdf,https://drive.google.com/file/d/1Th_R2O9lfqQXZ-w0gC7W1p79nKM2iHQP/view?usp=drivesdk
02 - Nuevo Testamento,27 - Los diez leprosos,3 - Niños de 5 a 10 años.pdf,https://drive.google.com/file/d/1pMM6vNY8T50g7CnWrmNc9psvY6KofBch/view?usp=drivesdk
02 - Nuevo Testamento,27 - Los diez leprosos,2 - Menores de 5 años.pdf,https://drive.google.com/file/d/1T58WWS_ltWfpZ1a3wv4HBVt5hFb5ImCU/view?usp=drivesdk
02 - Nuevo Testamento,27 - Los diez leprosos,1 - Bebés (0+).pdf,https://drive.google.com/file/d/1CiEWYV1DHB2PPhwZl2Xd8WLEM0LrEpaY/view?usp=drivesdk
02 - Nuevo Testamento,27 - Los diez leprosos,4 - Adolescentes.pdf,https://drive.google.com/file/d/1fpAjt1pW1XhKNZ-15Rfz7bgvHReKao6A/view?usp=drivesdk
02 - Nuevo Testamento,26 - Zaqueo,3 - Niños de 5 a 10 años.pdf,https://drive.google.com/file/d/1TM-cKk4XAvag4YCnccYjjdzmy4ZkMTZc/view?usp=drivesdk
02 - Nuevo Testamento,26 - Zaqueo,2 - Menores de 5 años.pdf,https://drive.google.com/file/d/19g2y9ZjEfdatklJbinvH6RQx6KgDATN5/view?usp=drivesdk
02 - Nuevo Testamento,26 - Zaqueo,1 - Bebés (0+).pdf,https://drive.google.com/file/d/1ChRJPcd_rvHEO4Ry36pXh033RZGsqVyG/view?usp=drivesdk
02 - Nuevo Testamento,26 - Zaqueo,4 - Adolescentes.pdf,https://drive.google.com/file/d/12SkOE89RGGb2ij51fEzUkcdrglSITVr7/view?usp=drivesdk
02 - Nuevo Testamento,28 - María y Marta,3 - Niños de 5 a 10 años.pdf,https://drive.google.com/file/d/1VJ0f0b_9LLzupEi_IIdhXvZm516NbvVN/view?usp=drivesdk
02 - Nuevo Testamento,28 - María y Marta,2 - Menores de 5 años.pdf,https://drive.google.com/file/d/1KN0yHpLYUO0ydIsr86orrxeLxIfvmeZ8/view?usp=drivesdk
02 - Nuevo Testamento,28 - María y Marta,1 - Bebés (0+).pdf,https://drive.google.com/file/d/1oW-SZxqZ9jg33rNMNYisyMyJyuRYnAhf/view?usp=drivesdk
02 - Nuevo Testamento,28 - María y Marta,4 - Adolescentes.pdf,https://drive.google.com/file/d/1JNhT9sExfw26IPUfJllWaZO27iC2V-gp/view?usp=drivesdk
02 - Nuevo Testamento,24 - La mujer samaritana,3 - Niños de 5 a 10 años.pdf,https://drive.google.com/file/d/1g2Ig8aButcQjB48LSBnIQ3T7P1uCQBIo/view?usp=drivesdk
02 - Nuevo Testamento,24 - La mujer samaritana,2 - Menores de 5 años.pdf,https://drive.google.com/file/d/1T2-Ag_joGN3MyHHgVpy6Q2TxsSGHjFzc/view?usp=drivesdk
02 - Nuevo Testamento,24 - La mujer samaritana,1 - Bebés (0+).pdf,https://drive.google.com/file/d/1sYQ70oRC_250bWTmZXP4EYXZlgdZ5HhK/view?usp=drivesdk
02 - Nuevo Testamento,24 - La mujer samaritana,4 - Adolescentes.pdf,https://drive.google.com/file/d/1-FpTaBHwm1P1lWLMOVL8BP0fIM8dCOoy/view?usp=drivesdk
02 - Nuevo Testamento,25 - La alimentación de los cinco mil,3 - Niños de 5 a 10 años.pdf,https://drive.google.com/file/d/1xQ1XGz8D7s6ZaZ8i2DL5ZNTMUqJLVnK0/view?usp=drivesdk
02 - Nuevo Testamento,25 - La alimentación de los cinco mil,2 - Menores de 5 años.pdf,https://drive.google.com/file/d/1X8Son2xINFxXocvmmIasfY_LPHfgxWSv/view?usp=drivesdk
02 - Nuevo Testamento,25 - La alimentación de los cinco mil,1 - Bebés (0+).pdf,https://drive.google.com/file/d/1hJeQ9scscVKgToZenhwlxv2xwlNHv8Ao/view?usp=drivesdk
02 - Nuevo Testamento,25 - La alimentación de los cinco mil,4 - Adolescentes.pdf,https://drive.google.com/file/d/1OAz4P901fPfvl_YbWRUKG3oqTBzzoxb9/view?usp=drivesdk
02 - Nuevo Testamento,23 - La parábola del siervo que no quiso perdonar,3 - Niños de 5 a 10 años.pdf,https://drive.google.com/file/d/10PQlYkWkLEAE4iAeSHUm4DtnrWd12_kk/view?usp=drivesdk
02 - Nuevo Testamento,23 - La parábola del siervo que no quiso perdonar,2 - Menores de 5 años.pdf,https://drive.google.com/file/d/1XVj3bt_OhPvyjCZuTY4amqBk1eoT5qjZ/view?usp=drivesdk
02 - Nuevo Testamento,23 - La parábola del siervo que no quiso perdonar,1 - Bebés (0+).pdf,https://drive.google.com/file/d/1rgiN5vw5HPDHEMTb29Hs6Tlnxi31ii7s/view?usp=drivesdk
02 - Nuevo Testamento,23 - La parábola del siervo que no quiso perdonar,4 - Adolescentes.pdf,https://drive.google.com/file/d/1iBwa11alNoeGiohD8sAv-XoO6-247pEs/view?usp=drivesdk
02 - Nuevo Testamento,21 - La parábola de los talentos,1 - Bebés (0+).pdf,https://drive.google.com/file/d/1YWjraKxEPE0Z4c9EhUGktcSPeSn1QaZu/view?usp=drivesdk
02 - Nuevo Testamento,21 - La parábola de los talentos,3 - Niños de 5 a 10 años.pdf,https://drive.google.com/file/d/10oFi3Fmqyo5k7l2De85wkfWqjr8dpX27/view?usp=drivesdk
02 - Nuevo Testamento,21 - La parábola de los talentos,2 - Menores de 5 años.pdf,https://drive.google.com/file/d/19eehWpASMzyLfBpD6LhtE1amEdJDOacT/view?usp=drivesdk
02 - Nuevo Testamento,21 - La parábola de los talentos,4 - Adolescentes.pdf,https://drive.google.com/file/d/10mMemsTOtjF0jh7nMPpcYF41P_vnZ7r-/view?usp=drivesdk
02 - Nuevo Testamento,22 - La parábola del gran festín,3 - Niños de 5 a 10 años.pdf,https://drive.google.com/file/d/1867H9qf0lzRR6LGFv4N_gjb5bLPPxXqC/view?usp=drivesdk
02 - Nuevo Testamento,22 - La parábola del gran festín,2 - Menores de 5 años.pdf,https://drive.google.com/file/d/177gW8JOm3cMg-bFn9QdNEIYNETd-Hkug/view?usp=drivesdk
02 - Nuevo Testamento,22 - La parábola del gran festín,4 - Adolescentes.pdf,https://drive.google.com/file/d/1qCTflE5_f0i_j8u09qha3gnwOxLnqnWJ/view?usp=drivesdk
02 - Nuevo Testamento,20 - La parábola del buen samaritano,3 - Niños de 5 a 10 años.pdf,https://drive.google.com/file/d/1Ezoa3_mOkTXllg5nw2s5FU5iCHYVfRtu/view?usp=drivesdk
02 - Nuevo Testamento,20 - La parábola del buen samaritano,2 - Menores de 5 años.pdf,https://drive.google.com/file/d/1hDDOcdtSP6rhwFf2R7QY287L8z1ltFE1/view?usp=drivesdk
02 - Nuevo Testamento,20 - La parábola del buen samaritano,1 - Bebés (0+).pdf,https://drive.google.com/file/d/1qtxt2I1AjRhyThmS7P5LkEuQnoS1tb6v/view?usp=drivesdk
02 - Nuevo Testamento,20 - La parábola del buen samaritano,4 - Adolescentes.pdf,https://drive.google.com/file/d/1BkdqxP5ko7QUzdPONajJYmePosKMWlzq/view?usp=drivesdk
02 - Nuevo Testamento,18 - La parábola de la viuda persistente,3 - Niños de 5 a 10 años.pdf,https://drive.google.com/file/d/1YVKPHgWeQJYy8zlieutPR9a32Pz4NimD/view?usp=drivesdk
02 - Nuevo Testamento,18 - La parábola de la viuda persistente,2 - Menores de 5 años.pdf,https://drive.google.com/file/d/1ohm3aJg0NklShRsFuSvBAVameiAsaaYi/view?usp=drivesdk
02 - Nuevo Testamento,18 - La parábola de la viuda persistente,1 - Bebés (0+).pdf,https://drive.google.com/file/d/1X7SzzSospmSX6cf7c4pYmdOA3ub9awTP/view?usp=drivesdk
02 - Nuevo Testamento,18 - La parábola de la viuda persistente,4 - Adolescentes.pdf,https://drive.google.com/file/d/1SgqDRkRhHtLaH7PEQzslejq4E0hrwMPI/view?usp=drivesdk
02 - Nuevo Testamento,17 - Parábola del sembrador,3 - Niños de 5 a 10 años.pdf,https://drive.google.com/file/d/1y8GwsjdhZoYLxCgNUTZfKxgDy8Nlj2of/view?usp=drivesdk
02 - Nuevo Testamento,17 - Parábola del sembrador,2 - Menores de 5 años.pdf,https://drive.google.com/file/d/1rsCdcL2tqdSttHJkK-5AaEXsCKSJM2Nz/view?usp=drivesdk
02 - Nuevo Testamento,17 - Parábola del sembrador,1 - Bebés (0+).pdf,https://drive.google.com/file/d/1fV63ITQPvVfM5FMDDDpuk1wOsQAeynPQ/view?usp=drivesdk
02 - Nuevo Testamento,17 - Parábola del sembrador,4 - Adolescentes.pdf,https://drive.google.com/file/d/1kPI0KrCWDg-Qc8iLAUmea5vManXh03km/view?usp=drivesdk
02 - Nuevo Testamento,19 - La semilla de mostaza,3 - Niños de 5 a 10 años.pdf,https://drive.google.com/file/d/1JxfZmbT16X-dCf9CMfTxfxC2wi0xrje3/view?usp=drivesdk
02 - Nuevo Testamento,19 - La semilla de mostaza,2 - Menores de 5 años.pdf,https://drive.google.com/file/d/1xnbBiWcnC3W4AFsU0whpv0UNBkG9FuiB/view?usp=drivesdk
02 - Nuevo Testamento,19 - La semilla de mostaza,1 - Bebés (0+).pdf,https://drive.google.com/file/d/11ywzJsLFZ02ToHS0mhhWeJ09pqNDFpos/view?usp=drivesdk
02 - Nuevo Testamento,19 - La semilla de mostaza,4 - Adolescentes.pdf,https://drive.google.com/file/d/1BAlWX9EEIFG3QS_4GW8j0R5GI6f5B7jR/view?usp=drivesdk
02 - Nuevo Testamento,16 - El hijo perdido,3 - Niños de 5 a 10 años.pdf,https://drive.google.com/file/d/1nYYlF-NLJjrGm4EtjCdKHVh2Gl43xkV9/view?usp=drivesdk
02 - Nuevo Testamento,16 - El hijo perdido,2 - Menores de 5 años.pdf,https://drive.google.com/file/d/1U0JDN2K-He69X5o57qVQoNTIwXE64zRJ/view?usp=drivesdk
02 - Nuevo Testamento,16 - El hijo perdido,1 - Bebés (0+).pdf,https://drive.google.com/file/d/17z6HRFLa6Cbr8ekCXu4-JkHkQnhn0MU-/view?usp=drivesdk
02 - Nuevo Testamento,16 - El hijo perdido,4 - Adolescentes.pdf,https://drive.google.com/file/d/1l8j18hqAGlrOqPPHaxQaO2P9YJu1zJGT/view?usp=drivesdk
02 - Nuevo Testamento,11 - Jesús elige a sus discípulos,3 - Niños de 5 a 10 años.pdf,https://drive.google.com/file/d/1MNUv1BjVIYSRr17FyGSTTxJVUoK-5kZe/view?usp=drivesdk
02 - Nuevo Testamento,11 - Jesús elige a sus discípulos,2 - Menores de 5 años.pdf,https://drive.google.com/file/d/1F9dpiYF_qhOfnwlGdyYqwg_4nGLEQE_I/view?usp=drivesdk
02 - Nuevo Testamento,11 - Jesús elige a sus discípulos,1 - Bebés (0+).pdf,https://drive.google.com/file/d/1BGIPgxF8SDisEjaWNIMXULoNIInyuRi8/view?usp=drivesdk
02 - Nuevo Testamento,11 - Jesús elige a sus discípulos,4 - Adolescentes.pdf,https://drive.google.com/file/d/1-CIk0ezR4Z7btyItTjWGaQygs8ALlZ6U/view?usp=drivesdk
02 - Nuevo Testamento,14 - Jesús calma la tormenta,3 - Niños de 5 a 10 años.pdf,https://drive.google.com/file/d/1JQ9HOh2ZpomqaHnLi4vDcTc-nqbaocJr/view?usp=drivesdk
02 - Nuevo Testamento,14 - Jesús calma la tormenta,2 - Menores de 5 años.pdf,https://drive.google.com/file/d/1om9nJR0i9EL6ravhzV8kuC_rd2RRLDGU/view?usp=drivesdk
02 - Nuevo Testamento,14 - Jesús calma la tormenta,1 - Bebés (0+).pdf,https://drive.google.com/file/d/10xDaawbuBApCZdAXX1-KDcX5YD4pLCai/view?usp=drivesdk
02 - Nuevo Testamento,14 - Jesús calma la tormenta,4 - Adolescentes.pdf,https://drive.google.com/file/d/1wAHdmz5hzBVnPXARBoAlaHZWCJXA1xI4/view?usp=drivesdk
02 - Nuevo Testamento,13 - Los sabios y necios constructores,3 - Niños de 5 a 10 años.pdf,https://drive.google.com/file/d/1J19OvDn49aQXlIiGC4TVzmY_yzfgHOjI/view?usp=drivesdk
02 - Nuevo Testamento,13 - Los sabios y necios constructores,2 - Menores de 5 años.pdf,https://drive.google.com/file/d/1auKGrI6c4bT_Uj87Wk3IECrZ_YFrtQSP/view?usp=drivesdk
02 - Nuevo Testamento,13 - Los sabios y necios constructores,1 - Bebés (0+).pdf,https://drive.google.com/file/d/1bSly5rx87Ikpqje0_Va7QKuEYpxyahy1/view?usp=drivesdk
02 - Nuevo Testamento,13 - Los sabios y necios constructores,4 - Adolescentes.pdf,https://drive.google.com/file/d/1M97SbNV12S9ob6QGhyxt9NJVVWi6kfnG/view?usp=drivesdk
02 - Nuevo Testamento,15 - La parábola de las cosas perdidas,2 - Menores de 5 años.pdf,https://drive.google.com/file/d/1XTgdYffUh2GUsIrr_Cy8sSaxpZo_PAsT/view?usp=drivesdk
02 - Nuevo Testamento,15 - La parábola de las cosas perdidas,1 - Bebés (0+).pdf,https://drive.google.com/file/d/1jfNtLtunpj7W6LfapUcjXKfJBbwJhDKJ/view?usp=drivesdk
02 - Nuevo Testamento,15 - La parábola de las cosas perdidas,4 - Adolescentes.pdf,https://drive.google.com/file/d/1OtGTgF3E1bU5C-yqqydjHxRfxDdRUqCs/view?usp=drivesdk
02 - Nuevo Testamento,10 - Jesús amigo de los pecadores,3 - Niños de 5 a 10 años.pdf,https://drive.google.com/file/d/1EIM0w4r031OF6aSYKNfV-HmfkWjWFdz-/view?usp=drivesdk
02 - Nuevo Testamento,10 - Jesús amigo de los pecadores,2 - Menores de 5 años.pdf,https://drive.google.com/file/d/1UdallgteAm8MsRKMquktSbehTnTrynR0/view?usp=drivesdk
02 - Nuevo Testamento,10 - Jesús amigo de los pecadores,1 - Bebés (0+).pdf,https://drive.google.com/file/d/1m56Njjv-QlJ7LssMXauvQAtfPTuZTJeO/view?usp=drivesdk
02 - Nuevo Testamento,10 - Jesús amigo de los pecadores,4 - Adolescentes.pdf,https://drive.google.com/file/d/1QCpMTVd1O1euEs13HviBZQmCESOleLZY/view?usp=drivesdk
02 - Nuevo Testamento,12 - Sermón de la montaña,3 - Niños de 5 a 10 años.pdf,https://drive.google.com/file/d/1PPaeQSeVLhO5TRQvXrsZapxytX76xadL/view?usp=drivesdk
02 - Nuevo Testamento,12 - Sermón de la montaña,2 - Menores de 5 años.pdf,https://drive.google.com/file/d/1x6DHa3Cex0UZPQ6Sc0U5CkBL4kbiruRE/view?usp=drivesdk
02 - Nuevo Testamento,12 - Sermón de la montaña,1 - Bebés (0+).pdf,https://drive.google.com/file/d/1B634e2dWSFkPoRMt8QM-hdsu6mkqgECQ/view?usp=drivesdk
02 - Nuevo Testamento,12 - Sermón de la montaña,4 - Adolescentes.pdf,https://drive.google.com/file/d/1bxAGZMC2j-KtiyFBFnPwPNO6CuMBuWA-/view?usp=drivesdk
02 - Nuevo Testamento,08 - Pescadores de hombres,3 - Niños de 5 a 10 años.pdf,https://drive.google.com/file/d/1gZM2wAHS7k_WMdqK4YuPws79elfdFXoe/view?usp=drivesdk
02 - Nuevo Testamento,08 - Pescadores de hombres,2 - Menores de 5 años.pdf,https://drive.google.com/file/d/1yWyXH3mN7J1XsT19ykjJYnqMk79Ti1SV/view?usp=drivesdk
02 - Nuevo Testamento,08 - Pescadores de hombres,1 - Bebés (0+).pdf,https://drive.google.com/file/d/1IgQfLUHQR2kMyDsQ0zsopJIpIW-VjZHe/view?usp=drivesdk
02 - Nuevo Testamento,08 - Pescadores de hombres,4 - Adolescentes.pdf,https://drive.google.com/file/d/1Pyd1QP3kM9nKiafsGKjzY7HLT-mn_HAj/view?usp=drivesdk
02 - Nuevo Testamento,06 - El primer milagro de Jesús,3 - Niños de 5 a 10 años.pdf,https://drive.google.com/file/d/1P2_yaEcAHSPq2yVJwKz2CR9uzB0UHmMz/view?usp=drivesdk
02 - Nuevo Testamento,06 - El primer milagro de Jesús,2 - Menores de 5 años.pdf,https://drive.google.com/file/d/1HmZUrKqzOj4lA8s4s3bWVg2vaEkjxWwZ/view?usp=drivesdk
02 - Nuevo Testamento,06 - El primer milagro de Jesús,1 - Bebés (0+).pdf,https://drive.google.com/file/d/15x2lKKzt0Dln-pcxmHHQZ21FSq7sHw8b/view?usp=drivesdk
02 - Nuevo Testamento,06 - El primer milagro de Jesús,4 - Adolescentes.pdf,https://drive.google.com/file/d/1ovp7hPSzIO5g1Li7162Ne1Kav6pDao8k/view?usp=drivesdk
02 - Nuevo Testamento,09 - Jesús sana y perdona,3 - Niños de 5 a 10 años.pdf,https://drive.google.com/file/d/1_iAeCWA53xl0Jb0sTguhA7V3Q-xvQYWc/view?usp=drivesdk
02 - Nuevo Testamento,09 - Jesús sana y perdona,2 - Menores de 5 años.pdf,https://drive.google.com/file/d/1YOjrEJWdWb_Bwa6au7Z7xmAqAgGMQNca/view?usp=drivesdk
02 - Nuevo Testamento,09 - Jesús sana y perdona,1 - Bebés (0+).pdf,https://drive.google.com/file/d/1GD6Xl670_CRxbsxRbzIH2cXkSe5MvLog/view?usp=drivesdk
02 - Nuevo Testamento,09 - Jesús sana y perdona,4 - Adolescentes.pdf,https://drive.google.com/file/d/18QRrozFB33E1ZRw9-7bP86ve8JCXu9gW/view?usp=drivesdk
02 - Nuevo Testamento,07 - Jesús y Nicodemo,3 - Niños de 5 a 10 años.pdf,https://drive.google.com/file/d/1VP8qk_6UGLx5ahP_ARWJXo6jR8NL_X1F/view?usp=drivesdk
02 - Nuevo Testamento,07 - Jesús y Nicodemo,2 - Menores de 5 años.pdf,https://drive.google.com/file/d/11tmayY96Erd-8f8a2wIDYn5jYYXtRD0H/view?usp=drivesdk
02 - Nuevo Testamento,07 - Jesús y Nicodemo,1 - Bebés (0+).pdf,https://drive.google.com/file/d/1Ou_LlprTjHITvPPUFPWpiWvjf26dwGT-/view?usp=drivesdk
02 - Nuevo Testamento,07 - Jesús y Nicodemo,4 - Adolescentes.pdf,https://drive.google.com/file/d/1k40vGQFeH4eJlSEWYmtHhJvNYskGhhN6/view?usp=drivesdk
02 - Nuevo Testamento,05 - La tentación de Jesús,3 - Niños de 5 a 10 años.pdf,https://drive.google.com/file/d/1GMH9larF04xHgbm1Chn69Uh0D3r2oQiB/view?usp=drivesdk
02 - Nuevo Testamento,05 - La tentación de Jesús,2 - Menores de 5 años.pdf,https://drive.google.com/file/d/1-C3y_8W_yo6-KVCmHpR4qXcw87W9KFUP/view?usp=drivesdk
02 - Nuevo Testamento,05 - La tentación de Jesús,1 - Bebés (0+).pdf,https://drive.google.com/file/d/1VpdOt_6oNDTygiTM41eJMG6uAPnIJDre/view?usp=drivesdk
02 - Nuevo Testamento,05 - La tentación de Jesús,4 - Adolescentes.pdf,https://drive.google.com/file/d/1PDZgmJEEUALHS0gJKejXmEXv4rpTvo5j/view?usp=drivesdk
02 - Nuevo Testamento,04 - El bautismo de Jesús,3 - Niños de 5 a 10 años.pdf,https://drive.google.com/file/d/1B5fuueZihqj4Faqoktq2juaiMjGft3pQ/view?usp=drivesdk
02 - Nuevo Testamento,04 - El bautismo de Jesús,2 - Menores de 5 años.pdf,https://drive.google.com/file/d/1YPVLtWetQw_6_KznVkYKjurEXsDIKdjt/view?usp=drivesdk
02 - Nuevo Testamento,04 - El bautismo de Jesús,1 - Bebés (0+).pdf,https://drive.google.com/file/d/1Xc9pVT0vVvUXXDnyn3kSWVtqIyed_HEr/view?usp=drivesdk
02 - Nuevo Testamento,04 - El bautismo de Jesús,4 - Adolescentes.pdf,https://drive.google.com/file/d/1YW5sG9GbIdbVQJUu-L1g9FBI3FigMzmo/view?usp=drivesdk
02 - Nuevo Testamento,03 - Juan el Bautista,3 - Niños de 5 a 10 años.pdf,https://drive.google.com/file/d/1seLZusmHkneMH1Bu_oaL16rv55m9E6xo/view?usp=drivesdk
02 - Nuevo Testamento,03 - Juan el Bautista,2 - Menores de 5 años.pdf,https://drive.google.com/file/d/1A27Cm7E8DI4lZsIMK8FTc2C44vRsgGYO/view?usp=drivesdk
02 - Nuevo Testamento,03 - Juan el Bautista,1 - Bebés (0+).pdf,https://drive.google.com/file/d/1h7ky6WoGZk3arTy2wt-nhGJq5mFPeSXV/view?usp=drivesdk
02 - Nuevo Testamento,03 - Juan el Bautista,4 - Adolescentes.pdf,https://drive.google.com/file/d/12dNNX6TDuVyhKmT_ZbFiEFrq1Ykta1ty/view?usp=drivesdk
02 - Nuevo Testamento,02 - La infancia de Jesús,3 - Niños de 5 a 10 años.pdf,https://drive.google.com/file/d/1G0bsEoH--VDh3EhAp3OsAEBCkQQzaTcC/view?usp=drivesdk
02 - Nuevo Testamento,02 - La infancia de Jesús,2 - Menores de 5 años.pdf,https://drive.google.com/file/d/1Yjos2ZCBCVDn4_br4n4xT827eWDA6g05/view?usp=drivesdk
02 - Nuevo Testamento,02 - La infancia de Jesús,1 - Bebés (0+).pdf,https://drive.google.com/file/d/1vOdSrEssgEn7lxM7XFHJP9eTHQj9NKXt/view?usp=drivesdk
02 - Nuevo Testamento,02 - La infancia de Jesús,4 - Adolescentes.pdf,https://drive.google.com/file/d/1BqLi6-QAwfr9mtXBpeIRMehOQabmw3hW/view?usp=drivesdk
02 - Nuevo Testamento,01 - Simeón y Ana,3 - Niños de 5 a 10 años.pdf,https://drive.google.com/file/d/1wC_y9QzHUSi-TcYOItsygzX_0hu4utJI/view?usp=drivesdk
02 - Nuevo Testamento,01 - Simeón y Ana,2 - Menores de 5 años.pdf,https://drive.google.com/file/d/1T5bSSPshPMxbltVSdJ5GRDVpa-HDyucL/view?usp=drivesdk
02 - Nuevo Testamento,01 - Simeón y Ana,1 - Bebés (0+).pdf,https://drive.google.com/file/d/17H12tJPcVwZWb5paK-AAcbITLhMvlgM9/view?usp=drivesdk
02 - Nuevo Testamento,01 - Simeón y Ana,4 - Adolescentes.pdf,https://drive.google.com/file/d/1BN4pSrwOmYfKStFSlNvVlcZQLBW5emmf/view?usp=drivesdk